dmd_type,dmd_id,dmd_name,bnf_code
VMP,329914002,Tenoxicam 20mg tablets,100101040AAAAAA
AMP,92511000001106,Tenoxicam 20mg tablets,100101040AAAAAA
AMP,602711000001108,Tenoxicam 20mg tablets,100101040AAAAAA
AMP,753111000001104,Tenoxicam 20mg tablets,100101040AAAAAA
AMP,565511000001103,Tenoxicam 20mg tablets,100101040AAAAAA
AMP,15229011000001105,Tenoxicam 20mg tablets,100101040AAAAAA
AMP,21786211000001109,Tenoxicam 20mg tablets,100101040AAAAAA
VMP,35915711000001102,Tenoxicam 20mg powder and solvent for solution for injection vials,100101040AAADAD
AMP,15151911000001109,Tenoxicam 20mg powder and solvent for solution for injection vials,100101040AAADAD
AMP,15023011000001101,Tenoxicam 20mg powder and solvent for solution for injection vials,100101040AAADAD
AMP,14946111000001109,Tenoxicam 20mg powder and solvent for solution for injection vials,100101040AAADAD
AMP,213111000001102,Mobiflex 20mg tablets,100101040BBAAAA
AMP,4379411000001100,Mobiflex 20mg powder and solvent for solution for injection vials,100101040BBADAD
VMP,329907004,Acemetacin 60mg capsules,100101050AAAAAA
AMP,589011000001106,Emflex 60mg capsules,100101050BBAAAA
VMP,322299000,Naproxen sodium 275mg tablets,100101070AAAAAA
AMP,56411000001103,Synflex 275mg tablets,100101070BBAAAA
VMP,329925006,Aceclofenac 100mg tablets,100101080AAAAAA
AMP,10961811000001104,Aceclofenac 100mg tablets,100101080AAAAAA
AMP,27840711000001109,Aceclofenac 100mg tablets,100101080AAAAAA
AMP,15166111000001109,Aceclofenac 100mg tablets,100101080AAAAAA
AMP,10985211000001100,Aceclofenac 100mg tablets,100101080AAAAAA
AMP,19700711000001109,Aceclofenac 100mg tablets,100101080AAAAAA
AMP,38763711000001104,Aceclofenac 100mg tablets,100101080AAAAAA
AMP,17748811000001101,Aceclofenac 100mg tablets,100101080AAAAAA
AMP,33498211000001105,Aceclofenac 100mg tablets,100101080AAAAAA
AMP,10961711000001107,Aceclofenac 100mg tablets,100101080AAAAAA
AMP,15058911000001106,Aceclofenac 100mg tablets,100101080AAAAAA
AMP,13435511000001107,Aceclofenac 100mg tablets,100101080AAAAAA
AMP,21748411000001104,Aceclofenac 100mg tablets,100101080AAAAAA
AMP,844911000001100,Preservex 100mg tablets,100101080BBAAAA
VMP,329927003,Meloxicam 7.5mg tablets,1001010AAAAAAAA
AMP,9834811000001102,Meloxicam 7.5mg tablets,1001010AAAAAAAA
AMP,10304311000001100,Meloxicam 7.5mg tablets,1001010AAAAAAAA
AMP,9905911000001107,Meloxicam 7.5mg tablets,1001010AAAAAAAA
AMP,11426211000001109,Meloxicam 7.5mg tablets,1001010AAAAAAAA
AMP,13413211000001103,Meloxicam 7.5mg tablets,1001010AAAAAAAA
AMP,24379111000001108,Meloxicam 7.5mg tablets,1001010AAAAAAAA
AMP,10302611000001102,Meloxicam 7.5mg tablets,1001010AAAAAAAA
AMP,10614811000001102,Meloxicam 7.5mg tablets,1001010AAAAAAAA
AMP,14162311000001104,Meloxicam 7.5mg tablets,1001010AAAAAAAA
AMP,10198211000001109,Meloxicam 7.5mg tablets,1001010AAAAAAAA
AMP,9856111000001101,Meloxicam 7.5mg tablets,1001010AAAAAAAA
AMP,30827011000001104,Meloxicam 7.5mg tablets,1001010AAAAAAAA
AMP,39036111000001100,Meloxicam 7.5mg tablets,1001010AAAAAAAA
AMP,10440011000001105,Meloxicam 7.5mg tablets,1001010AAAAAAAA
AMP,17939611000001100,Meloxicam 7.5mg tablets,1001010AAAAAAAA
AMP,10962111000001101,Meloxicam 7.5mg tablets,1001010AAAAAAAA
AMP,15109611000001105,Meloxicam 7.5mg tablets,1001010AAAAAAAA
AMP,10702311000001108,Meloxicam 7.5mg tablets,1001010AAAAAAAA
AMP,17203811000001108,Meloxicam 7.5mg tablets,1001010AAAAAAAA
AMP,9834411000001104,Meloxicam 7.5mg tablets,1001010AAAAAAAA
AMP,9991411000001100,Meloxicam 7.5mg tablets,1001010AAAAAAAA
AMP,21792011000001102,Meloxicam 7.5mg tablets,1001010AAAAAAAA
AMP,9870211000001108,Meloxicam 7.5mg tablets,1001010AAAAAAAA
VMP,329928008,Meloxicam 15mg tablets,1001010AAAAABAB
AMP,9835011000001107,Meloxicam 15mg tablets,1001010AAAAABAB
AMP,10304811000001109,Meloxicam 15mg tablets,1001010AAAAABAB
AMP,9906111000001103,Meloxicam 15mg tablets,1001010AAAAABAB
AMP,11426411000001108,Meloxicam 15mg tablets,1001010AAAAABAB
AMP,13413411000001104,Meloxicam 15mg tablets,1001010AAAAABAB
AMP,24378911000001103,Meloxicam 15mg tablets,1001010AAAAABAB
AMP,10302411000001100,Meloxicam 15mg tablets,1001010AAAAABAB
AMP,10615011000001107,Meloxicam 15mg tablets,1001010AAAAABAB
AMP,14162511000001105,Meloxicam 15mg tablets,1001010AAAAABAB
AMP,10198411000001108,Meloxicam 15mg tablets,1001010AAAAABAB
AMP,9856311000001104,Meloxicam 15mg tablets,1001010AAAAABAB
AMP,30827211000001109,Meloxicam 15mg tablets,1001010AAAAABAB
AMP,39035911000001109,Meloxicam 15mg tablets,1001010AAAAABAB
AMP,10440311000001108,Meloxicam 15mg tablets,1001010AAAAABAB
AMP,17939811000001101,Meloxicam 15mg tablets,1001010AAAAABAB
AMP,10962511000001105,Meloxicam 15mg tablets,1001010AAAAABAB
AMP,15109311000001100,Meloxicam 15mg tablets,1001010AAAAABAB
AMP,10701211000001107,Meloxicam 15mg tablets,1001010AAAAABAB
AMP,17204011000001100,Meloxicam 15mg tablets,1001010AAAAABAB
AMP,9834611000001101,Meloxicam 15mg tablets,1001010AAAAABAB
AMP,9991611000001102,Meloxicam 15mg tablets,1001010AAAAABAB
AMP,21792211000001107,Meloxicam 15mg tablets,1001010AAAAABAB
AMP,9870511000001106,Meloxicam 15mg tablets,1001010AAAAABAB
VMP,329926007,Meloxicam 15mg suppositories,1001010AAAAACAC
VMP,329933007,Meloxicam 7.5mg suppositories,1001010AAAAADAD
VMP,12700711000001103,Meloxicam 3.75mg/5ml oral suspension,1001010AAAAAGAG
AMP,12690511000001101,Meloxicam 3.75mg/5ml oral suspension,1001010AAAAAGAG
VMP,412651007,Meloxicam 7.5mg/5ml oral suspension,1001010AAAAAHAH
AMP,15856111000001105,Meloxicam 7.5mg/5ml oral suspension,1001010AAAAAHAH
VMP,13822011000001102,Meloxicam 15mg/5ml oral suspension,1001010AAAAAIAI
AMP,13817711000001108,Meloxicam 15mg/5ml oral suspension,1001010AAAAAIAI
VMP,22648611000001108,Meloxicam 15mg orodispersible tablets sugar free,1001010AAAAAJAJ
AMP,23679611000001108,Meloxicam 15mg orodispersible tablets sugar free,1001010AAAAAJAJ
AMP,39879911000001107,Meloxicam 15mg orodispersible tablets sugar free,1001010AAAAAJAJ
AMP,22640411000001107,Meloxicam 15mg orodispersible tablets sugar free,1001010AAAAAJAJ
VMP,22648711000001104,Meloxicam 7.5mg orodispersible tablets sugar free,1001010AAAAAKAK
AMP,23679411000001105,Meloxicam 7.5mg orodispersible tablets sugar free,1001010AAAAAKAK
AMP,39880111000001109,Meloxicam 7.5mg orodispersible tablets sugar free,1001010AAAAAKAK
AMP,22640911000001104,Meloxicam 7.5mg orodispersible tablets sugar free,1001010AAAAAKAK
AMP,591611000001104,Mobic 7.5mg tablets,1001010AABBAAAA
AMP,81511000001104,Mobic 15mg tablets,1001010AABBABAB
AMP,597811000001107,Mobic 15mg suppositories,1001010AABBACAC
AMP,108311000001108,Mobic 7.5mg suppositories,1001010AABBADAD
VMP,4557011000001104,Ibuprofen lysine 200mg tablets,1001010ADAAABAB
VMP,10245111000001102,Ibuprofen lysine 400mg tablets,1001010ADAAACAC
VMP,21681311000001104,Ibuprofen lysine 400mg oral powder sachets,1001010ADAAADAD
AMP,4545511000001100,Nurofen Advance 200mg tablets,1001010ADBBAAAB
AMP,10239611000001109,Nurofen Maximum Strength Migraine Pain 684mg caplets,1001010ADBCABAC
AMP,4603811000001101,Nurofen Migraine Pain 342mg tablets,1001010ADBCACAB
AMP,9511211000001108,Nurofen Tension Headache 342mg caplets,1001010ADBDAAAB
AMP,11934111000001109,Nurofen Express 342mg caplets,1001010ADBEAAAB
AMP,11935111000001108,Nurofen Express 684mg caplets,1001010ADBEABAC
AMP,21679511000001103,Nurofen Express Soluble 400mg oral powder sachets,1001010ADBEACAD
AMP,17538811000001101,Feminax Express 342mg tablets,1001010ADBFAAAB
AMP,17982711000001105,Boots Rapid Ibuprofen lysine 342mg tablets,1001010ADBGAAAB
VMP,39690211000001106,Dexketoprofen 25mg tablets,1001010AEAAAAAA
AMP,2892711000001101,Keral 25mg tablets,1001010AEBBAAAA
VMP,330164007,Rofecoxib 12.5mg/5ml oral suspension sugar free,1001010AFAAAAAA
VMP,330165008,Rofecoxib 25mg/5ml oral suspension sugar free,1001010AFAAABAB
VMP,330162006,Rofecoxib 12.5mg tablets,1001010AFAAACAC
VMP,330163001,Rofecoxib 25mg tablets,1001010AFAAADAD
VMP,388930005,Rofecoxib 50mg tablets,1001010AFAAAEAE
AMP,2842711000001108,Vioxx 12.5mg/5ml oral suspension,1001010AFBBAAAA
AMP,2843111000001101,Vioxx 25mg/5ml oral suspension,1001010AFBBABAB
AMP,2840811000001101,Vioxx 12.5mg tablets,1001010AFBBACAC
AMP,2841311000001100,Vioxx 25mg tablets,1001010AFBBADAD
AMP,2841511000001106,VioxxAcute 25mg tablets,1001010AFBBAEAD
AMP,2842311000001109,VioxxAcute 50mg tablets,1001010AFBBAFAE
VMP,329967002,Diclofenac potassium 25mg tablets,1001010AGAAAAAA
AMP,17014711000001105,Diclofenac potassium 25mg tablets,1001010AGAAAAAA
AMP,16236911000001100,Diclofenac potassium 25mg tablets,1001010AGAAAAAA
VMP,329968007,Diclofenac potassium 50mg tablets,1001010AGAAABAB
AMP,16650211000001108,Diclofenac potassium 50mg tablets,1001010AGAAABAB
AMP,16237611000001108,Diclofenac potassium 50mg tablets,1001010AGAAABAB
AMP,18341211000001104,Diclofenac potassium 50mg tablets,1001010AGAAABAB
AMP,30048011000001102,Diclofenac potassium 50mg tablets,1001010AGAAABAB
AMP,17664811000001107,Diclofenac potassium 50mg tablets,1001010AGAAABAB
AMP,38869711000001103,Diclofenac potassium 50mg tablets,1001010AGAAABAB
AMP,18618611000001109,Diclofenac potassium 50mg tablets,1001010AGAAABAB
VMP,14062911000001108,Diclofenac potassium 12.5mg tablets,1001010AGAAACAC
AMP,663411000001105,Voltarol Rapid 25mg tablets,1001010AGBBAAAA
AMP,605911000001102,Voltarol Rapid 50mg tablets,1001010AGBBABAB
AMP,14033611000001100,Voltarol Pain-eze 12.5mg tablets,1001010AGBCAAAC
AMP,19363611000001107,Voltarol Pain-eze Extra Strength 25mg tablets,1001010AGBCABAA
AMP,17526411000001101,Voltarol Joint Pain 12.5mg tablets,1001010AGBDAAAC
AMP,18637011000001107,First Resort Double Action Pain Relief 12.5mg tablets,1001010AGBEABAC
VMP,330170001,Celecoxib 100mg capsules,1001010AHAAAAAA
AMP,28378611000001105,Celecoxib 100mg capsules,1001010AHAAAAAA
AMP,28378211000001108,Celecoxib 100mg capsules,1001010AHAAAAAA
AMP,28039011000001105,Celecoxib 100mg capsules,1001010AHAAAAAA
AMP,32496211000001102,Celecoxib 100mg capsules,1001010AHAAAAAA
AMP,35906711000001107,Celecoxib 100mg capsules,1001010AHAAAAAA
AMP,30136411000001104,Celecoxib 100mg capsules,1001010AHAAAAAA
AMP,37893811000001100,Celecoxib 100mg capsules,1001010AHAAAAAA
AMP,32397411000001105,Celecoxib 100mg capsules,1001010AHAAAAAA
AMP,36751811000001106,Celecoxib 100mg capsules,1001010AHAAAAAA
AMP,30011211000001106,Celecoxib 100mg capsules,1001010AHAAAAAA
AMP,38827111000001101,Celecoxib 100mg capsules,1001010AHAAAAAA
AMP,35140711000001104,Celecoxib 100mg capsules,1001010AHAAAAAA
AMP,29784511000001108,Celecoxib 100mg capsules,1001010AHAAAAAA
AMP,28001111000001101,Celecoxib 100mg capsules,1001010AHAAAAAA
AMP,36859211000001109,Celecoxib 100mg capsules,1001010AHAAAAAA
AMP,28011711000001103,Celecoxib 100mg capsules,1001010AHAAAAAA
AMP,33588711000001109,Celecoxib 100mg capsules,1001010AHAAAAAA
AMP,28292711000001100,Celecoxib 100mg capsules,1001010AHAAAAAA
VMP,330169002,Celecoxib 200mg capsules,1001010AHAAABAB
AMP,28378811000001109,Celecoxib 200mg capsules,1001010AHAAABAB
AMP,28378411000001107,Celecoxib 200mg capsules,1001010AHAAABAB
AMP,28039211000001100,Celecoxib 200mg capsules,1001010AHAAABAB
AMP,32496411000001103,Celecoxib 200mg capsules,1001010AHAAABAB
AMP,35906911000001109,Celecoxib 200mg capsules,1001010AHAAABAB
AMP,30136611000001101,Celecoxib 200mg capsules,1001010AHAAABAB
AMP,37894011000001108,Celecoxib 200mg capsules,1001010AHAAABAB
AMP,36741411000001107,Celecoxib 200mg capsules,1001010AHAAABAB
AMP,30011411000001105,Celecoxib 200mg capsules,1001010AHAAABAB
AMP,38826811000001106,Celecoxib 200mg capsules,1001010AHAAABAB
AMP,34584911000001102,Celecoxib 200mg capsules,1001010AHAAABAB
AMP,29784111000001104,Celecoxib 200mg capsules,1001010AHAAABAB
AMP,28000911000001105,Celecoxib 200mg capsules,1001010AHAAABAB
AMP,36859611000001106,Celecoxib 200mg capsules,1001010AHAAABAB
AMP,28011911000001101,Celecoxib 200mg capsules,1001010AHAAABAB
AMP,33588911000001106,Celecoxib 200mg capsules,1001010AHAAABAB
AMP,28292911000001103,Celecoxib 200mg capsules,1001010AHAAABAB
VMP,425685004,Celecoxib 400mg capsules,1001010AHAAADAD
VMP,35573711000001100,Celecoxib 50mg/5ml oral suspension,1001010AHAAAEAE
AMP,35571511000001106,Celecoxib 50mg/5ml oral suspension,1001010AHAAAEAE
AMP,18711000001102,Celebrex 100mg capsules,1001010AHBBAAAA
AMP,878111000001108,Celebrex 200mg capsules,1001010AHBBABAB
AMP,17302511000001107,Onsenal 400mg capsules,1001010AHBCAAAD
VMP,408601001,Lornoxicam 4mg tablets,1001010AIAAABAB
VMP,408602008,Lornoxicam 8mg tablets,1001010AIAAACAC
AMP,17061411000001100,Lornoxicam 8mg tablets,1001010AIAAACAC
AMP,4506111000001109,Xefo 4mg tablets,1001010AIBBABAB
AMP,4506711000001105,Xefo 8mg tablets,1001010AIBBACAC
VMP,407907003,Etoricoxib 60mg tablets,1001010AJAAAAAA
AMP,34699011000001105,Etoricoxib 60mg tablets,1001010AJAAAAAA
AMP,34624411000001107,Etoricoxib 60mg tablets,1001010AJAAAAAA
AMP,34710911000001108,Etoricoxib 60mg tablets,1001010AJAAAAAA
AMP,34620411000001101,Etoricoxib 60mg tablets,1001010AJAAAAAA
AMP,40685111000001107,Etoricoxib 60mg tablets,1001010AJAAAAAA
AMP,40692911000001101,Etoricoxib 60mg tablets,1001010AJAAAAAA
AMP,37377411000001100,Etoricoxib 60mg tablets,1001010AJAAAAAA
AMP,37065011000001109,Etoricoxib 60mg tablets,1001010AJAAAAAA
AMP,38902811000001108,Etoricoxib 60mg tablets,1001010AJAAAAAA
AMP,35160811000001102,Etoricoxib 60mg tablets,1001010AJAAAAAA
AMP,34618311000001101,Etoricoxib 60mg tablets,1001010AJAAAAAA
AMP,36833211000001106,Etoricoxib 60mg tablets,1001010AJAAAAAA
AMP,34691311000001109,Etoricoxib 60mg tablets,1001010AJAAAAAA
AMP,37355211000001105,Etoricoxib 60mg tablets,1001010AJAAAAAA
VMP,407908008,Etoricoxib 90mg tablets,1001010AJAAABAB
AMP,34699211000001100,Etoricoxib 90mg tablets,1001010AJAAABAB
AMP,34624611000001105,Etoricoxib 90mg tablets,1001010AJAAABAB
AMP,34711111000001104,Etoricoxib 90mg tablets,1001010AJAAABAB
AMP,34620611000001103,Etoricoxib 90mg tablets,1001010AJAAABAB
AMP,40685311000001109,Etoricoxib 90mg tablets,1001010AJAAABAB
AMP,40689411000001104,Etoricoxib 90mg tablets,1001010AJAAABAB
AMP,37377611000001102,Etoricoxib 90mg tablets,1001010AJAAABAB
AMP,37065411000001100,Etoricoxib 90mg tablets,1001010AJAAABAB
AMP,38903011000001106,Etoricoxib 90mg tablets,1001010AJAAABAB
AMP,35161011000001104,Etoricoxib 90mg tablets,1001010AJAAABAB
AMP,34618511000001107,Etoricoxib 90mg tablets,1001010AJAAABAB
AMP,36833411000001105,Etoricoxib 90mg tablets,1001010AJAAABAB
AMP,34691511000001103,Etoricoxib 90mg tablets,1001010AJAAABAB
AMP,37355811000001106,Etoricoxib 90mg tablets,1001010AJAAABAB
VMP,407909000,Etoricoxib 120mg tablets,1001010AJAAACAC
AMP,34699411000001101,Etoricoxib 120mg tablets,1001010AJAAACAC
AMP,34624711000001101,Etoricoxib 120mg tablets,1001010AJAAACAC
AMP,34711311000001102,Etoricoxib 120mg tablets,1001010AJAAACAC
AMP,34620811000001104,Etoricoxib 120mg tablets,1001010AJAAACAC
AMP,40685511000001103,Etoricoxib 120mg tablets,1001010AJAAACAC
AMP,40694111000001107,Etoricoxib 120mg tablets,1001010AJAAACAC
AMP,37378011000001105,Etoricoxib 120mg tablets,1001010AJAAACAC
AMP,37065911000001108,Etoricoxib 120mg tablets,1001010AJAAACAC
AMP,38902311000001104,Etoricoxib 120mg tablets,1001010AJAAACAC
AMP,35161211000001109,Etoricoxib 120mg tablets,1001010AJAAACAC
AMP,34618711000001102,Etoricoxib 120mg tablets,1001010AJAAACAC
AMP,36833611000001108,Etoricoxib 120mg tablets,1001010AJAAACAC
AMP,34691711000001108,Etoricoxib 120mg tablets,1001010AJAAACAC
AMP,37354011000001104,Etoricoxib 120mg tablets,1001010AJAAACAC
VMP,13132911000001109,Etoricoxib 30mg tablets,1001010AJAAADAD
AMP,34698811000001106,Etoricoxib 30mg tablets,1001010AJAAADAD
AMP,34624211000001108,Etoricoxib 30mg tablets,1001010AJAAADAD
AMP,34710711000001106,Etoricoxib 30mg tablets,1001010AJAAADAD
AMP,34620211000001100,Etoricoxib 30mg tablets,1001010AJAAADAD
AMP,37230511000001109,Etoricoxib 30mg tablets,1001010AJAAADAD
AMP,40693711000001106,Etoricoxib 30mg tablets,1001010AJAAADAD
AMP,37377011000001109,Etoricoxib 30mg tablets,1001010AJAAADAD
AMP,37064511000001102,Etoricoxib 30mg tablets,1001010AJAAADAD
AMP,38902611000001109,Etoricoxib 30mg tablets,1001010AJAAADAD
AMP,35160611000001101,Etoricoxib 30mg tablets,1001010AJAAADAD
AMP,34618111000001103,Etoricoxib 30mg tablets,1001010AJAAADAD
AMP,36833011000001101,Etoricoxib 30mg tablets,1001010AJAAADAD
AMP,34691111000001107,Etoricoxib 30mg tablets,1001010AJAAADAD
AMP,37354711000001102,Etoricoxib 30mg tablets,1001010AJAAADAD
AMP,3406111000001103,Arcoxia 60mg tablets,1001010AJBBAAAA
AMP,3406811000001105,Arcoxia 90mg tablets,1001010AJBBABAB
AMP,3407911000001102,Arcoxia 120mg tablets,1001010AJBBACAC
AMP,13122311000001105,Arcoxia 30mg tablets,1001010AJBBADAD
VMP,385585000,Valdecoxib 10mg tablets,1001010ALAAAAAA
VMP,385586004,Valdecoxib 20mg tablets,1001010ALAAABAB
VMP,408146004,Valdecoxib 40mg tablets,1001010ALAAACAC
AMP,4491011000001107,Bextra 10mg tablets,1001010ALBBAAAA
AMP,4491511000001104,Bextra 20mg tablets,1001010ALBBABAB
AMP,4492311000001101,Bextra 40mg tablets,1001010ALBBACAC
VMP,418352003,Dexibuprofen 300mg tablets,1001010AMAAAAAA
VMP,418855005,Dexibuprofen 400mg tablets,1001010AMAAABAB
AMP,9447211000001103,Seractil 300mg tablets,1001010AMBBAAAA
AMP,9447611000001101,Seractil 400mg tablets,1001010AMBBABAB
AMP,35096411000001107,Seractil 300mg tablets,1001010AMBBACAA
VMP,9865311000001100,Lumiracoxib 100mg tablets,1001010ANAAAAAA
VMP,9865211000001108,Lumiracoxib 400mg tablets,1001010ANAAABAB
AMP,9859411000001104,Prexige 100mg tablets,1001010ANBBAAAA
AMP,9859911000001107,Prexige 400mg tablets,1001010ANBBABAB
VMP,14606211000001108,Ibuprofen sodium dihydrate 200mg tablets,1001010APAAAAAA
VMP,14606311000001100,Ibuprofen sodium dihydrate 400mg tablets,1001010APAAABAB
AMP,14600611000001108,Nurofen Express 256mg tablets,1001010APBBAAAA
AMP,14601611000001103,Nurofen Express 512mg tablets,1001010APBBABAB
AMP,14740311000001102,Nurofen Express 256mg caplets,1001010APBBACAA
AMP,31393111000001107,Nurofen Joint & Back Pain Relief 256mg tablets,1001010APBCAAAA
AMP,31394111000001109,Nurofen Max Strength Joint & Back Pain Relief 512mg tablets,1001010APBCABAB
AMP,31394411000001104,Nurofen Joint & Back Pain Relief 256mg caplets,1001010APBCACAA
VMP,329546008,Azapropazone 300mg capsules,1001010B0AAAAAA
VMP,329547004,Azapropazone 600mg tablets,1001010B0AAABAB
AMP,128211000001105,Rheumox 300mg capsules,1001010B0BBAAAA
AMP,241811000001100,Rheumox 600mg tablets,1001010B0BBABAB
VMP,36098111000001101,Diclofenac 75mg/3ml solution for injection ampoules,1001010C0AAAAAA
VMP,35313311000001107,Diclofenac 12.5mg suppositories,1001010C0AAABAB
VMP,329583008,Diclofenac 100mg suppositories,1001010C0AAACAC
AMP,410011000001107,Diclofenac 100mg suppositories,1001010C0AAACAC
VMP,36566511000001109,Diclofenac sodium 25mg gastro-resistant tablets,1001010C0AAADAD
AMP,555811000001109,Diclofenac sodium 25mg gastro-resistant tablets,1001010C0AAADAD
AMP,780411000001108,Diclofenac sodium 25mg gastro-resistant tablets,1001010C0AAADAD
AMP,271711000001109,Diclofenac sodium 25mg gastro-resistant tablets,1001010C0AAADAD
AMP,10401011000001106,Diclofenac sodium 25mg gastro-resistant tablets,1001010C0AAADAD
AMP,36784811000001104,Diclofenac sodium 25mg gastro-resistant tablets,1001010C0AAADAD
AMP,23862211000001104,Diclofenac sodium 25mg gastro-resistant tablets,1001010C0AAADAD
AMP,37926711000001100,Diclofenac sodium 25mg gastro-resistant tablets,1001010C0AAADAD
AMP,40619711000001108,Diclofenac sodium 25mg gastro-resistant tablets,1001010C0AAADAD
AMP,182611000001101,Diclofenac sodium 25mg gastro-resistant tablets,1001010C0AAADAD
AMP,829411000001105,Diclofenac sodium 25mg gastro-resistant tablets,1001010C0AAADAD
AMP,37236911000001104,Diclofenac sodium 25mg gastro-resistant tablets,1001010C0AAADAD
AMP,38869911000001101,Diclofenac sodium 25mg gastro-resistant tablets,1001010C0AAADAD
AMP,34604011000001106,Diclofenac sodium 25mg gastro-resistant tablets,1001010C0AAADAD
AMP,326211000001100,Diclofenac sodium 25mg gastro-resistant tablets,1001010C0AAADAD
AMP,17891411000001103,Diclofenac sodium 25mg gastro-resistant tablets,1001010C0AAADAD
AMP,530011000001108,Diclofenac sodium 25mg gastro-resistant tablets,1001010C0AAADAD
AMP,268911000001105,Diclofenac sodium 25mg gastro-resistant tablets,1001010C0AAADAD
AMP,175011000001107,Diclofenac sodium 25mg gastro-resistant tablets,1001010C0AAADAD
AMP,534911000001102,Diclofenac sodium 25mg gastro-resistant tablets,1001010C0AAADAD
AMP,21943011000001106,Diclofenac sodium 25mg gastro-resistant tablets,1001010C0AAADAD
VMP,329587009,Diclofenac sodium 50mg gastro-resistant tablets,1001010C0AAAEAE
AMP,699311000001103,Diclofenac sodium 50mg gastro-resistant tablets,1001010C0AAAEAE
AMP,13011000001106,Diclofenac sodium 50mg gastro-resistant tablets,1001010C0AAAEAE
AMP,547611000001101,Diclofenac sodium 50mg gastro-resistant tablets,1001010C0AAAEAE
AMP,10401211000001101,Diclofenac sodium 50mg gastro-resistant tablets,1001010C0AAAEAE
AMP,36785011000001109,Diclofenac sodium 50mg gastro-resistant tablets,1001010C0AAAEAE
AMP,30049011000001107,Diclofenac sodium 50mg gastro-resistant tablets,1001010C0AAAEAE
AMP,37926911000001103,Diclofenac sodium 50mg gastro-resistant tablets,1001010C0AAAEAE
AMP,20323711000001105,Diclofenac sodium 50mg gastro-resistant tablets,1001010C0AAAEAE
AMP,741211000001109,Diclofenac sodium 50mg gastro-resistant tablets,1001010C0AAAEAE
AMP,302411000001106,Diclofenac sodium 50mg gastro-resistant tablets,1001010C0AAAEAE
AMP,30825611000001104,Diclofenac sodium 50mg gastro-resistant tablets,1001010C0AAAEAE
AMP,38870111000001101,Diclofenac sodium 50mg gastro-resistant tablets,1001010C0AAAEAE
AMP,34603211000001104,Diclofenac sodium 50mg gastro-resistant tablets,1001010C0AAAEAE
AMP,700211000001105,Diclofenac sodium 50mg gastro-resistant tablets,1001010C0AAAEAE
AMP,17891611000001100,Diclofenac sodium 50mg gastro-resistant tablets,1001010C0AAAEAE
AMP,625011000001107,Diclofenac sodium 50mg gastro-resistant tablets,1001010C0AAAEAE
AMP,18722511000001107,Diclofenac sodium 50mg gastro-resistant tablets,1001010C0AAAEAE
AMP,137711000001101,Diclofenac sodium 50mg gastro-resistant tablets,1001010C0AAAEAE
AMP,252911000001102,Diclofenac sodium 50mg gastro-resistant tablets,1001010C0AAAEAE
AMP,256211000001107,Diclofenac sodium 50mg gastro-resistant tablets,1001010C0AAAEAE
AMP,21943211000001101,Diclofenac sodium 50mg gastro-resistant tablets,1001010C0AAAEAE
VMP,36563711000001106,Diclofenac sodium 100mg modified-release tablets,1001010C0AAAFAF
VMP,39709911000001103,Diclofenac 50mg dispersible tablets sugar free,1001010C0AAAJAJ
VMP,39024511000001101,Diclofenac sodium 75mg modified-release tablets,1001010C0AAALAL
VMP,329598005,Diclofenac sodium 50mg gastro-resistant / Misoprostol 200microgram tablets,1001010C0AAAMAM
AMP,22679511000001104,Diclofenac sodium 50mg gastro-resistant / Misoprostol 200microgram tablets,1001010C0AAAMAM
VMP,37084611000001101,Diclofenac sodium 100mg modified-release capsules,1001010C0AAANAN
VMP,329574003,Diclofenac sodium 75mg gastro-resistant modified-release capsules,1001010C0AAARAR
VMP,329562002,Diclofenac 25mg suppositories,1001010C0AAATAT
VMP,329563007,Diclofenac 50mg suppositories,1001010C0AAAUAU
VMP,11651311000001108,Diclofenac 50mg/5ml oral solution,1001010C0AAAVAV
AMP,11634411000001100,Diclofenac 50mg/5ml oral solution,1001010C0AAAVAV
VMP,37084911000001107,Diclofenac sodium 75mg modified-release capsules,1001010C0AAAWAW
VMP,329602007,Diclofenac sodium 75mg gastro-resistant / Misoprostol 200microgram tablets,1001010C0AAAXAX
VMP,8455411000001109,Diclofenac 25mg/5ml oral solution,1001010C0AAAYAY
VMP,8455511000001108,Diclofenac 25mg/5ml oral suspension,1001010C0AAAYAY
AMP,8439611000001109,Diclofenac 25mg/5ml oral solution,1001010C0AAAYAY
AMP,8440111000001105,Diclofenac 25mg/5ml oral suspension,1001010C0AAAYAY
VMP,11652111000001101,Diclofenac 75mg/5ml oral solution,1001010C0AABABA
VMP,11651411000001101,Diclofenac 75mg/5ml oral suspension,1001010C0AABABA
AMP,11635911000001107,Diclofenac 75mg/5ml oral solution,1001010C0AABABA
AMP,11635311000001106,Diclofenac 75mg/5ml oral suspension,1001010C0AABABA
VMP,17369211000001102,Diclofenac 10mg dispersible tablets,1001010C0AABBBB
AMP,17359311000001102,Diclofenac 10mg dispersible tablets,1001010C0AABBBB
VMP,11650911000001102,Diclofenac 12.5mg/5ml oral solution,1001010C0AABCBC
VMP,11651011000001105,Diclofenac 12.5mg/5ml oral suspension,1001010C0AABCBC
AMP,11633411000001103,Diclofenac 12.5mg/5ml oral solution,1001010C0AABCBC
AMP,11632711000001101,Diclofenac 12.5mg/5ml oral suspension,1001010C0AABCBC
VMP,8455011000001100,Diclofenac 10mg/5ml oral solution,1001010C0AABDBD
VMP,8455111000001104,Diclofenac 10mg/5ml oral suspension,1001010C0AABDBD
AMP,8438311000001105,Diclofenac 10mg/5ml oral solution,1001010C0AABDBD
AMP,8438611000001100,Diclofenac 10mg/5ml oral suspension,1001010C0AABDBD
VMP,8455211000001105,Diclofenac 15mg/5ml oral solution,1001010C0AABEBE
VMP,8455311000001102,Diclofenac 15mg/5ml oral suspension,1001010C0AABEBE
AMP,8439711000001100,Diclofenac 15mg/5ml oral solution,1001010C0AABEBE
AMP,8440411000001100,Diclofenac 15mg/5ml oral suspension,1001010C0AABEBE
VMP,13439711000001100,Diclofenac 75mg/2ml solution for injection vials,1001010C0AABIBI
VMP,15242611000001108,Diclofenac 100mg/5ml oral solution,1001010C0AABJBJ
VMP,15242711000001104,Diclofenac 100mg/5ml oral suspension,1001010C0AABJBJ
AMP,15238211000001107,Diclofenac 100mg/5ml oral solution,1001010C0AABJBJ
AMP,15238511000001105,Diclofenac 100mg/5ml oral suspension,1001010C0AABJBJ
VMP,28422211000001104,Diclofenac 40mg/5ml oral solution,1001010C0AABKBK
VMP,28422311000001107,Diclofenac 40mg/5ml oral suspension,1001010C0AABKBK
AMP,28414411000001104,Diclofenac 40mg/5ml oral solution,1001010C0AABKBK
AMP,28414711000001105,Diclofenac 40mg/5ml oral suspension,1001010C0AABKBK
VMP,11648711000001104,Diclofenac 50mg/5ml oral suspension,1001010C0AABLBL
AMP,11615511000001106,Diclofenac 50mg/5ml oral suspension,1001010C0AABLBL
VMP,35404211000001108,Diclofenac 75mg/1ml solution for injection ampoules,1001010C0AABMBM
AMP,2911000001100,Voltarol 25mg gastro-resistant tablets,1001010C0BBAAAD
AMP,745711000001100,Voltarol 50mg gastro-resistant tablets,1001010C0BBABAE
AMP,272411000001108,Voltarol 75mg/3ml solution for injection ampoules,1001010C0BBACAA
AMP,788411000001106,Voltarol 100mg suppositories,1001010C0BBADAC
AMP,300211000001106,Voltarol 12.5mg suppositories,1001010C0BBAEAB
AMP,804711000001107,Voltarol Retard 100mg tablets,1001010C0BBAFAF
AMP,3354811000001101,Voltarol 50mg dispersible tablets,1001010C0BBAGAJ
AMP,763111000001107,Voltarol 75mg SR tablets,1001010C0BBAHAL
AMP,913211000001109,Voltarol 25mg suppositories,1001010C0BBAIAT
AMP,44611000001107,Voltarol 50mg suppositories,1001010C0BBAJAU
AMP,358411000001104,Rhumalgan CR 75 tablets,1001010C0BDACAL
AMP,324811000001106,Rhumalgan CR 100 tablets,1001010C0BDADAF
AMP,8196311000001104,Rhumalgan XL 100mg capsules,1001010C0BDAEAN
AMP,8197611000001106,Rhumalgan SR 75mg capsules,1001010C0BDAFAW
AMP,18681011000001105,Rhumalgan SR 75mg capsules,1001010C0BDAGAW
AMP,18680711000001104,Rhumalgan XL 100mg capsules,1001010C0BDAHAN
AMP,22468711000001106,Rhumalgan SR 75mg capsules,1001010C0BDAIAW
AMP,22421611000001104,Rhumalgan XL 100mg capsules,1001010C0BDAJAN
AMP,341611000001107,Volraman 25mg gastro-resistant tablets,1001010C0BFAAAD
AMP,185611000001105,Volraman 50mg gastro-resistant tablets,1001010C0BFABAE
AMP,334011000001103,Diclozip 25mg gastro-resistant tablets,1001010C0BIAAAD
AMP,224911000001105,Diclozip 50mg gastro-resistant tablets,1001010C0BIABAE
AMP,602311000001109,Flamrase 25 EC tablets,1001010C0BKAAAD
AMP,107411000001100,Flamrase 50 EC tablets,1001010C0BKABAE
AMP,761911000001109,Flamrase SR 100mg tablets,1001010C0BKACAF
AMP,49711000001102,Flamrase 75mg SR tablets,1001010C0BKADAL
AMP,3159911000001101,Arthrotec 50 gastro-resistant tablets,1001010C0BLAAAM
AMP,3161411000001104,Arthrotec 75 gastro-resistant tablets,1001010C0BLABAX
AMP,350511000001103,Diclomax Retard 100mg capsules,1001010C0BMAAAN
AMP,172511000001105,Diclomax SR 75mg capsules,1001010C0BMABAW
AMP,3953411000001109,Motifene 75mg modified-release capsules,1001010C0BPAAAR
AMP,570111000001107,Dicloflex 25mg gastro-resistant tablets,1001010C0BQAAAD
AMP,719711000001107,Dicloflex 50mg gastro-resistant tablets,1001010C0BQABAE
AMP,190611000001103,Dicloflex Retard 100mg tablets,1001010C0BQACAF
AMP,225611000001103,Dicloflex 75mg SR tablets,1001010C0BQADAL
AMP,7852911000001109,Dicloflex 75mg SR tablets,1001010C0BQAEAL
AMP,7854211000001109,Dicloflex 75mg SR tablets,1001010C0BQAFAL
AMP,7853311000001103,Dicloflex Retard 100mg tablets,1001010C0BQAGAF
AMP,7854611000001106,Dicloflex Retard 100mg tablets,1001010C0BQAHAF
AMP,10612711000001100,Dicloflex 25mg gastro-resistant tablets,1001010C0BQAIAD
AMP,10686011000001100,Dicloflex 25mg gastro-resistant tablets,1001010C0BQAJAD
AMP,10686211000001105,Dicloflex 50mg gastro-resistant tablets,1001010C0BQAKAE
AMP,10686411000001109,Dicloflex 75mg SR tablets,1001010C0BQALAL
AMP,10686711000001103,Dicloflex Retard 100mg tablets,1001010C0BQAMAF
AMP,18299411000001101,Dicloflex 75mg SR tablets,1001010C0BQANAL
AMP,44511000001108,Lofensaid 50mg gastro-resistant tablets,1001010C0BRAAAE
AMP,450611000001106,Lofensaid 25mg gastro-resistant tablets,1001010C0BRABAD
AMP,213511000001106,Lofensaid Retard 75 tablets,1001010C0BRACAL
AMP,490411000001102,Lofensaid Retard 100 tablets,1001010C0BRADAF
AMP,814411000001103,Volsaid Retard 75 tablets,1001010C0BSAAAL
AMP,632211000001109,Volsaid Retard 100 tablets,1001010C0BSABAF
AMP,922511000001109,Dexomon 75mg SR tablets,1001010C0BUABAL
AMP,667011000001107,Slofenac 75mg SR tablets,1001010C0BWAAAL
AMP,657911000001102,Flexotard MR 100mg tablets,1001010C0BXAAAF
AMP,658811000001106,Flamatak MR 100mg tablets,1001010C0BYAAAF
AMP,13411000001102,Flamatak MR 75mg tablets,1001010C0BYABAL
AMP,193511000001108,Diclotard 75mg modified-release tablets,1001010C0BZAAAL
AMP,78311000001106,Diclovol 25mg gastro-resistant tablets,1001010C0CCAAAD
AMP,407711000001107,Diclovol 50mg gastro-resistant tablets,1001010C0CCABAE
AMP,282411000001101,Diclovol 75mg SR tablets,1001010C0CCACAL
AMP,123311000001105,Diclovol Retard 100mg tablets,1001010C0CCADAF
AMP,7853611000001108,Diclovol 75mg SR tablets,1001010C0CCAEAL
AMP,7854011000001104,Diclovol Retard 100mg tablets,1001010C0CCAFAF
AMP,318711000001104,Acoflam 25mg gastro-resistant tablets,1001010C0CDAAAD
AMP,193111000001104,Acoflam 50mg gastro-resistant tablets,1001010C0CDABAE
AMP,541811000001109,Acoflam 75mg SR tablets,1001010C0CDACAL
AMP,784011000001106,Acoflam 100mg Retard tablets,1001010C0CDADAF
AMP,715111000001109,Rheumatac Retard 75 tablets,1001010C0CEAAAL
AMP,649411000001103,Econac 100mg suppositories,1001010C0CFAAAC
AMP,134111000001107,Econac 75mg/3ml solution for injection ampoules,1001010C0CFABAA
AMP,497011000001107,Closteril 100 modified-release tablets,1001010C0CGAAAF
AMP,434411000001103,Valdic 100 Retard tablets,1001010C0CHAAAF
AMP,205911000001100,Valdic 75 Retard tablets,1001010C0CHABAL
AMP,906311000001107,Defanac 75mg SR tablets,1001010C0CIAAAL
AMP,440911000001102,Defanac Retard 100mg tablets,1001010C0CIABAF
AMP,386511000001105,Defanac 25mg gastro-resistant tablets,1001010C0CIACAD
AMP,374311000001103,Defanac 50mg gastro-resistant tablets,1001010C0CIADAE
AMP,253811000001104,Fenactol 25mg gastro-resistant tablets,1001010C0CJAAAD
AMP,359411000001107,Fenactol 50mg gastro-resistant tablets,1001010C0CJABAE
AMP,210711000001105,Fenactol SR 75mg tablets,1001010C0CJACAL
AMP,656011000001104,Fenactol Retard 100mg tablets,1001010C0CJADAF
AMP,5639311000001108,Econac SR 75mg tablets,1001010C0CKAAAL
AMP,5639711000001107,Econac XL 100mg tablets,1001010C0CKABAF
AMP,13435311000001101,Dyloject 75mg/2ml solution for injection vials,1001010C0CLAABI
AMP,17627211000001107,Enstar SR 75 tablets,1001010C0CMAAAL
AMP,17627411000001106,Enstar XL 100 tablets,1001010C0CMABAF
AMP,22591711000001107,Misofen 50mg/200microgram gastro-resistant tablets,1001010C0CNAAAM
AMP,22592011000001102,Misofen 75mg/200microgram gastro-resistant tablets,1001010C0CNABAX
AMP,29688611000001108,Masidemen 50mg/200microgram gastro-resistant tablets,1001010C0CPAAAM
AMP,29688811000001107,Masidemen 75mg/200microgram gastro-resistant tablets,1001010C0CPABAX
AMP,35404011000001103,Akis 75mg/1ml solution for injection ampoules,1001010C0CQAABM
AMP,38411011000001109,Diclo-SR 75mg tablets,1001010C0CRAAAL
VMP,329612000,Diflunisal 250mg tablets,1001010D0AAAAAA
AMP,15870411000001104,Diflunisal 250mg tablets,1001010D0AAAAAA
VMP,329613005,Diflunisal 500mg tablets,1001010D0AAABAB
AMP,3674011000001104,Dolobid 250mg tablets,1001010D0BBAAAA
AMP,3674611000001106,Dolobid 500mg tablets,1001010D0BBABAB
AMP,13090211000001100,Novo-Diflunisal 250mg tablets,1001010D0BCAAAA
VMP,329616002,Etodolac 200mg capsules,1001010E0AAAAAA
VMP,329620003,Etodolac 300mg capsules,1001010E0AAACAC
VMP,39109711000001107,Etodolac 600mg modified-release tablets,1001010E0AAADAD
AMP,11141111000001109,Etodolac 600mg modified-release tablets,1001010E0AAADAD
AMP,30054411000001100,Etodolac 600mg modified-release tablets,1001010E0AAADAD
AMP,30810311000001107,Etodolac 600mg modified-release tablets,1001010E0AAADAD
AMP,23915011000001106,Etodolac 600mg modified-release tablets,1001010E0AAADAD
AMP,21977911000001102,Etodolac 600mg modified-release tablets,1001010E0AAADAD
AMP,20914211000001103,Etodolac 600mg modified-release tablets,1001010E0AAADAD
AMP,921411000001100,Lodine SR 600mg tablets,1001010E0BBADAD
AMP,3979111000001103,Ebretin 200mg capsules,1001010E0BDAAAA
AMP,3979611000001106,Ebretin 300mg capsules,1001010E0BDABAC
AMP,4626911000001105,Eccoxolac 300mg capsules,1001010E0BFAAAC
AMP,10925311000001102,Etopan XL 600mg tablets,1001010E0BGAAAD
AMP,33548811000001105,Etolyn 600mg modified-release tablets,1001010E0BHAAAD
VMP,329630007,Fenbufen 300mg capsules,1001010F0AAAAAA
AMP,940111000001102,Fenbufen 300mg capsules,1001010F0AAAAAA
AMP,931711000001108,Fenbufen 300mg capsules,1001010F0AAAAAA
AMP,866711000001104,Fenbufen 300mg capsules,1001010F0AAAAAA
AMP,920011000001100,Fenbufen 300mg capsules,1001010F0AAAAAA
VMP,329631006,Fenbufen 300mg tablets,1001010F0AAABAB
AMP,145711000001108,Fenbufen 300mg tablets,1001010F0AAABAB
AMP,895311000001105,Fenbufen 300mg tablets,1001010F0AAABAB
AMP,149811000001102,Fenbufen 300mg tablets,1001010F0AAABAB
AMP,30111000001109,Fenbufen 300mg tablets,1001010F0AAABAB
AMP,422611000001106,Fenbufen 300mg tablets,1001010F0AAABAB
AMP,841711000001100,Fenbufen 300mg tablets,1001010F0AAABAB
AMP,431311000001107,Fenbufen 300mg tablets,1001010F0AAABAB
VMP,329636001,Fenbufen 450mg tablets,1001010F0AAACAC
AMP,757111000001107,Fenbufen 450mg tablets,1001010F0AAACAC
AMP,788011000001102,Fenbufen 450mg tablets,1001010F0AAACAC
AMP,209211000001107,Fenbufen 450mg tablets,1001010F0AAACAC
AMP,13577411000001107,Fenbufen 450mg tablets,1001010F0AAACAC
AMP,447611000001107,Fenbufen 450mg tablets,1001010F0AAACAC
AMP,398311000001104,Fenbufen 450mg tablets,1001010F0AAACAC
AMP,616611000001101,Fenbufen 450mg tablets,1001010F0AAACAC
AMP,594411000001100,Fenbufen 450mg tablets,1001010F0AAACAC
AMP,75311000001102,Lederfen 300mg capsules,1001010F0BBAAAA
AMP,269711000001104,Lederfen 300mg tablets,1001010F0BBABAB
AMP,343711000001102,Lederfen 450mg tablets,1001010F0BBADAC
VMP,39692011000001102,Fenoprofen 300mg tablets,1001010G0AAABAB
VMP,329642002,Fenoprofen 600mg tablets,1001010G0AAADAD
AMP,3684611000001103,Fenopron 300 tablets,1001010G0BBAAAB
AMP,3685511000001101,Fenopron 600 tablets,1001010G0BBABAD
VMP,329533003,Benorilate 2g granules sachets sugar free,1001010H0AAAAAA
VMP,329532008,Benorilate 750mg tablets,1001010H0AAACAC
AMP,774111000001104,Benorilate 750mg tablets,1001010H0AAACAC
AMP,926411000001106,Benorilate 750mg tablets,1001010H0AAACAC
AMP,536111000001107,Benorilate 750mg tablets,1001010H0AAACAC
VMP,35910211000001100,Benorilate 2g/5ml oral suspension sugar free,1001010H0AAADAD
AMP,627611000001107,Benorilate 2g/5ml oral suspension sugar free,1001010H0AAADAD
AMP,311811000001101,Benorilate 2g/5ml oral suspension sugar free,1001010H0AAADAD
AMP,4578411000001105,Benorilate 2g/5ml oral suspension sugar free,1001010H0AAADAD
AMP,738711000001108,Benorilate 2g/5ml oral suspension sugar free,1001010H0AAADAD
AMP,271011000001107,Benorilate 2g/5ml oral suspension sugar free,1001010H0AAADAD
AMP,114411000001108,Benoral 750mg tablets,1001010H0BBAAAC
AMP,3912911000001104,Benoral 2g granules sachets,1001010H0BBABAA
AMP,710211000001107,Benoral 2g/5ml oral suspension,1001010H0BBACAD
VMP,329650006,Flurbiprofen 100mg suppositories,1001010I0AAAAAA
VMP,329648003,Flurbiprofen 50mg tablets,1001010I0AAABAB
AMP,477611000001108,Flurbiprofen 50mg tablets,1001010I0AAABAB
AMP,825611000001105,Flurbiprofen 50mg tablets,1001010I0AAABAB
AMP,510811000001107,Flurbiprofen 50mg tablets,1001010I0AAABAB
AMP,4820811000001106,Flurbiprofen 50mg tablets,1001010I0AAABAB
AMP,323611000001109,Flurbiprofen 50mg tablets,1001010I0AAABAB
AMP,17909911000001101,Flurbiprofen 50mg tablets,1001010I0AAABAB
AMP,574511000001107,Flurbiprofen 50mg tablets,1001010I0AAABAB
AMP,24616411000001108,Flurbiprofen 50mg tablets,1001010I0AAABAB
VMP,329649006,Flurbiprofen 100mg tablets,1001010I0AAACAC
AMP,91911000001105,Flurbiprofen 100mg tablets,1001010I0AAACAC
AMP,363911000001106,Flurbiprofen 100mg tablets,1001010I0AAACAC
AMP,410711000001109,Flurbiprofen 100mg tablets,1001010I0AAACAC
AMP,4821011000001109,Flurbiprofen 100mg tablets,1001010I0AAACAC
AMP,732111000001109,Flurbiprofen 100mg tablets,1001010I0AAACAC
AMP,38920811000001101,Flurbiprofen 100mg tablets,1001010I0AAACAC
AMP,17910111000001107,Flurbiprofen 100mg tablets,1001010I0AAACAC
AMP,686111000001107,Flurbiprofen 100mg tablets,1001010I0AAACAC
AMP,24616611000001106,Flurbiprofen 100mg tablets,1001010I0AAACAC
AMP,22014911000001109,Flurbiprofen 100mg tablets,1001010I0AAACAC
VMP,36059011000001103,Flurbiprofen 200mg modified-release capsules,1001010I0AAADAD
AMP,762311000001104,Froben 50mg tablets,1001010I0BBAAAB
AMP,538211000001100,Froben 100mg tablets,1001010I0BBABAC
AMP,293811000001108,Froben 100mg suppositories,1001010I0BBACAA
AMP,27511000001103,Froben SR 200mg capsules,1001010I0BBADAD
VMP,370195008,Ibuprofen 200mg capsules,1001010J0AAAAAA
AMP,23279311000001100,Ibuprofen 200mg capsules,1001010J0AAAAAA
AMP,32465611000001107,Ibuprofen 200mg capsules,1001010J0AAAAAA
AMP,24625711000001103,Ibuprofen 200mg capsules,1001010J0AAAAAA
AMP,31993111000001104,Ibuprofen 200mg capsules,1001010J0AAAAAA
AMP,17307311000001104,Ibuprofen 200mg capsules,1001010J0AAAAAA
AMP,15019211000001100,Ibuprofen 200mg capsules,1001010J0AAAAAA
AMP,14703311000001100,Ibuprofen 200mg capsules,1001010J0AAAAAA
VMP,36045311000001100,Ibuprofen 300mg modified-release capsules,1001010J0AAABAB
VMP,329710002,Ibuprofen 100mg/5ml oral suspension,1001010J0AAACAC
VMP,329652003,Ibuprofen 200mg tablets,1001010J0AAADAD
AMP,18557911000001100,Ibuprofen 200mg caplets,1001010J0AAADAD
AMP,9172611000001104,Ibuprofen 200mg caplets,1001010J0AAADAD
AMP,7926811000001106,Ibuprofen 200mg caplets,1001010J0AAADAD
AMP,9746811000001108,Ibuprofen 200mg caplets,1001010J0AAADAD
AMP,27170011000001102,Ibuprofen 200mg caplets,1001010J0AAADAD
AMP,771311000001100,Ibuprofen 200mg tablets,1001010J0AAADAD
AMP,37862011000001100,Ibuprofen 200mg tablets,1001010J0AAADAD
AMP,715411000001104,Ibuprofen 200mg tablets,1001010J0AAADAD
AMP,9805311000001101,Ibuprofen 200mg tablets,1001010J0AAADAD
AMP,10378911000001102,Ibuprofen 200mg tablets,1001010J0AAADAD
AMP,892211000001107,Ibuprofen 200mg tablets,1001010J0AAADAD
AMP,17023611000001107,Ibuprofen 200mg tablets,1001010J0AAADAD
AMP,14772411000001106,Ibuprofen 200mg tablets,1001010J0AAADAD
AMP,16056611000001104,Ibuprofen 200mg tablets,1001010J0AAADAD
AMP,28984611000001101,Ibuprofen 200mg tablets,1001010J0AAADAD
AMP,13578911000001103,Ibuprofen 200mg tablets,1001010J0AAADAD
AMP,18074911000001106,Ibuprofen 200mg tablets,1001010J0AAADAD
AMP,39414411000001101,Ibuprofen 200mg tablets,1001010J0AAADAD
AMP,14784511000001105,Ibuprofen 200mg tablets,1001010J0AAADAD
AMP,869811000001101,Ibuprofen 200mg tablets,1001010J0AAADAD
AMP,201711000001104,Ibuprofen 200mg tablets,1001010J0AAADAD
AMP,30212411000001106,Ibuprofen 200mg tablets,1001010J0AAADAD
AMP,38968711000001103,Ibuprofen 200mg tablets,1001010J0AAADAD
AMP,35851611000001107,Ibuprofen 200mg tablets,1001010J0AAADAD
AMP,38695411000001100,Ibuprofen 200mg tablets,1001010J0AAADAD
AMP,342211000001103,Ibuprofen 200mg tablets,1001010J0AAADAD
AMP,17931411000001104,Ibuprofen 200mg tablets,1001010J0AAADAD
AMP,859511000001108,Ibuprofen 200mg tablets,1001010J0AAADAD
AMP,11579811000001108,Ibuprofen 200mg tablets,1001010J0AAADAD
AMP,29875911000001106,Ibuprofen 200mg tablets,1001010J0AAADAD
AMP,4603011000001107,Ibuprofen 200mg tablets,1001010J0AAADAD
AMP,110611000001104,Ibuprofen 200mg tablets,1001010J0AAADAD
AMP,367511000001109,Ibuprofen 200mg tablets,1001010J0AAADAD
AMP,327311000001106,Ibuprofen 200mg tablets,1001010J0AAADAD
AMP,22046511000001104,Ibuprofen 200mg tablets,1001010J0AAADAD
AMP,9501811000001106,Ibuprofen 200mg tablets,1001010J0AAADAD
AMP,3313611000001105,Ibuprofen 200mg tablets,1001010J0AAADAD
AMP,654211000001104,Ibuprofen 200mg tablets film coated,1001010J0AAADAD
AMP,805711000001106,Ibuprofen 200mg tablets sugar coated,1001010J0AAADAD
AMP,6407711000001109,Ibuprofen 200mg tablets sugar coated,1001010J0AAADAD
VMP,329653008,Ibuprofen 400mg tablets,1001010J0AAAEAE
AMP,18558411000001107,Ibuprofen 400mg caplets,1001010J0AAAEAE
AMP,7928011000001101,Ibuprofen 400mg caplets,1001010J0AAAEAE
AMP,9746611000001109,Ibuprofen 400mg caplets,1001010J0AAAEAE
AMP,913811000001105,Ibuprofen 400mg tablets,1001010J0AAAEAE
AMP,39977211000001102,Ibuprofen 400mg tablets,1001010J0AAAEAE
AMP,497111000001108,Ibuprofen 400mg tablets,1001010J0AAAEAE
AMP,9816611000001104,Ibuprofen 400mg tablets,1001010J0AAAEAE
AMP,10379111000001107,Ibuprofen 400mg tablets,1001010J0AAAEAE
AMP,522911000001108,Ibuprofen 400mg tablets,1001010J0AAAEAE
AMP,14772911000001103,Ibuprofen 400mg tablets,1001010J0AAAEAE
AMP,16057111000001105,Ibuprofen 400mg tablets,1001010J0AAAEAE
AMP,28984811000001102,Ibuprofen 400mg tablets,1001010J0AAAEAE
AMP,13579211000001102,Ibuprofen 400mg tablets,1001010J0AAAEAE
AMP,18075111000001107,Ibuprofen 400mg tablets,1001010J0AAAEAE
AMP,39415111000001105,Ibuprofen 400mg tablets,1001010J0AAAEAE
AMP,9648711000001108,Ibuprofen 400mg tablets,1001010J0AAAEAE
AMP,878411000001103,Ibuprofen 400mg tablets,1001010J0AAAEAE
AMP,491911000001103,Ibuprofen 400mg tablets,1001010J0AAAEAE
AMP,30213011000001106,Ibuprofen 400mg tablets,1001010J0AAAEAE
AMP,38991111000001109,Ibuprofen 400mg tablets,1001010J0AAAEAE
AMP,36042811000001102,Ibuprofen 400mg tablets,1001010J0AAAEAE
AMP,38695211000001104,Ibuprofen 400mg tablets,1001010J0AAAEAE
AMP,714611000001102,Ibuprofen 400mg tablets,1001010J0AAAEAE
AMP,17931611000001101,Ibuprofen 400mg tablets,1001010J0AAAEAE
AMP,644111000001107,Ibuprofen 400mg tablets,1001010J0AAAEAE
AMP,37062811000001105,Ibuprofen 400mg tablets,1001010J0AAAEAE
AMP,779411000001108,Ibuprofen 400mg tablets,1001010J0AAAEAE
AMP,15055611000001106,Ibuprofen 400mg tablets,1001010J0AAAEAE
AMP,434811000001101,Ibuprofen 400mg tablets,1001010J0AAAEAE
AMP,4604211000001104,Ibuprofen 400mg tablets,1001010J0AAAEAE
AMP,1511000001104,Ibuprofen 400mg tablets,1001010J0AAAEAE
AMP,207911000001105,Ibuprofen 400mg tablets,1001010J0AAAEAE
AMP,333311000001102,Ibuprofen 400mg tablets,1001010J0AAAEAE
AMP,22046911000001106,Ibuprofen 400mg tablets,1001010J0AAAEAE
AMP,9502111000001109,Ibuprofen 400mg tablets,1001010J0AAAEAE
AMP,11177511000001107,Ibuprofen 400mg tablets,1001010J0AAAEAE
AMP,273411000001104,Ibuprofen 400mg tablets film coated,1001010J0AAAEAE
AMP,415811000001107,Ibuprofen 400mg tablets sugar coated,1001010J0AAAEAE
AMP,420811000001109,Ibuprofen 400mg tablets sugar coated,1001010J0AAAEAE
VMP,329654002,Ibuprofen 600mg tablets,1001010J0AAAFAF
AMP,451211000001103,Ibuprofen 600mg tablets,1001010J0AAAFAF
AMP,641211000001103,Ibuprofen 600mg tablets,1001010J0AAAFAF
AMP,334411000001107,Ibuprofen 600mg tablets,1001010J0AAAFAF
AMP,9805911000001100,Ibuprofen 600mg tablets,1001010J0AAAFAF
AMP,10379411000001102,Ibuprofen 600mg tablets,1001010J0AAAFAF
AMP,901511000001105,Ibuprofen 600mg tablets,1001010J0AAAFAF
AMP,14773611000001104,Ibuprofen 600mg tablets,1001010J0AAAFAF
AMP,21033511000001107,Ibuprofen 600mg tablets,1001010J0AAAFAF
AMP,36080311000001102,Ibuprofen 600mg tablets,1001010J0AAAFAF
AMP,37422011000001104,Ibuprofen 600mg tablets,1001010J0AAAFAF
AMP,36513111000001106,Ibuprofen 600mg tablets,1001010J0AAAFAF
AMP,18078211000001108,Ibuprofen 600mg tablets,1001010J0AAAFAF
AMP,25311000001101,Ibuprofen 600mg tablets,1001010J0AAAFAF
AMP,32011000001107,Ibuprofen 600mg tablets,1001010J0AAAFAF
AMP,38991811000001102,Ibuprofen 600mg tablets,1001010J0AAAFAF
AMP,36043011000001104,Ibuprofen 600mg tablets,1001010J0AAAFAF
AMP,36700311000001101,Ibuprofen 600mg tablets,1001010J0AAAFAF
AMP,177111000001104,Ibuprofen 600mg tablets,1001010J0AAAFAF
AMP,17931811000001102,Ibuprofen 600mg tablets,1001010J0AAAFAF
AMP,15711000001109,Ibuprofen 600mg tablets,1001010J0AAAFAF
AMP,37079111000001100,Ibuprofen 600mg tablets,1001010J0AAAFAF
AMP,281911000001103,Ibuprofen 600mg tablets,1001010J0AAAFAF
AMP,15101111000001101,Ibuprofen 600mg tablets,1001010J0AAAFAF
AMP,928211000001108,Ibuprofen 600mg tablets,1001010J0AAAFAF
AMP,349811000001107,Ibuprofen 600mg tablets,1001010J0AAAFAF
AMP,22057111000001108,Ibuprofen 600mg tablets,1001010J0AAAFAF
AMP,11177711000001102,Ibuprofen 600mg tablets,1001010J0AAAFAF
AMP,372911000001106,Ibuprofen 600mg tablets film coated,1001010J0AAAFAF
VMP,329708004,Ibuprofen 800mg tablets,1001010J0AAAGAG
VMP,329677002,Ibuprofen 600mg effervescent granules sachets,1001010J0AAANAN
VMP,39110311000001101,Ibuprofen 800mg modified-release tablets,1001010J0AAAPAP
VMP,36045211000001108,Ibuprofen 300mg modified-release / Codeine 20mg tablets,1001010J0AAARAR
VMP,10774611000001104,Ibuprofen 400mg capsules,1001010J0AAAUAU
AMP,39737111000001104,Ibuprofen 400mg capsules,1001010J0AAAUAU
VMP,329683004,Ibuprofen 200mg / Codeine 12.8mg tablets,1001010J0AAAYAY
VMP,36045011000001103,Ibuprofen 200mg modified-release capsules,1001010J0AABABA
VMP,39108111000001104,Ibuprofen 100mg/5ml oral suspension sugar free,1001010J0AABHBH
AMP,731611000001107,Ibuprofen 100mg/5ml oral suspension sugar free,1001010J0AABHBH
AMP,30804111000001103,Ibuprofen 100mg/5ml oral suspension sugar free,1001010J0AABHBH
AMP,23811000001106,Ibuprofen 100mg/5ml oral suspension sugar free,1001010J0AABHBH
AMP,24174611000001106,Ibuprofen 100mg/5ml oral suspension sugar free,1001010J0AABHBH
AMP,3323411000001100,Ibuprofen 100mg/5ml oral suspension sugar free,1001010J0AABHBH
AMP,38997011000001103,Ibuprofen 100mg/5ml oral suspension sugar free,1001010J0AABHBH
AMP,18109611000001102,Ibuprofen 100mg/5ml oral suspension sugar free,1001010J0AABHBH
AMP,13623411000001108,Ibuprofen 100mg/5ml oral suspension sugar free,1001010J0AABHBH
AMP,37421811000001101,Ibuprofen 100mg/5ml oral suspension sugar free,1001010J0AABHBH
AMP,26311000001106,Ibuprofen 100mg/5ml oral suspension sugar free,1001010J0AABHBH
AMP,15100811000001100,Ibuprofen 100mg/5ml oral suspension sugar free,1001010J0AABHBH
AMP,7944111000001109,Ibuprofen 100mg/5ml oral suspension sugar free,1001010J0AABHBH
AMP,9209811000001100,Ibuprofen 100mg/5ml oral suspension sugar free,1001010J0AABHBH
AMP,5021111000001102,Ibuprofen 100mg/5ml oral suspension sugar free,1001010J0AABHBH
VMP,12637311000001104,Ibuprofen 200mg/5ml oral suspension,1001010J0AABIBI
AMP,12597711000001104,Ibuprofen 200mg/5ml oral suspension,1001010J0AABIBI
VMP,39693611000001104,Ibuprofen 200mg / Pseudoephedrine hydrochloride 30mg tablets,1001010J0AABJBJ
VMP,4615511000001102,Ibuprofen 100mg/5ml oral suspension 5ml sachets sugar free,1001010J0AABMBM
AMP,9458211000001101,Ibuprofen 100mg/5ml oral suspension 5ml sachets sugar free,1001010J0AABMBM
AMP,13623911000001100,Ibuprofen 100mg/5ml oral suspension 5ml sachets sugar free,1001010J0AABMBM
AMP,9210011000001100,Ibuprofen 100mg/5ml oral suspension 5ml sachets sugar free,1001010J0AABMBM
VMP,3875511000001104,Ibuprofen 200mg orodispersible tablets sugar free,1001010J0AABNBN
VMP,19525111000001109,Ibuprofen 200mg effervescent tablets,1001010J0AABPBP
VMP,32392411000001107,Ibuprofen 100mg chewable capsules,1001010J0AABQBQ
VMP,36608611000001101,Ibuprofen 200mg/5ml oral suspension sugar free,1001010J0AABRBR
VMP,34878411000001108,Ibuprofen 200mg / Phenylephrine 6.1mg tablets,1001010J0AABSBS
AMP,389511000001100,Arthrofen 200 tablets,1001010J0B1ADAD
AMP,933011000001107,Arthrofen 400 tablets,1001010J0B1AEAE
AMP,415611000001108,Arthrofen 600 tablets,1001010J0B1AFAF
AMP,903411000001105,Migrafen 200mg tablets,1001010J0B2AAAD
AMP,694411000001106,Nurofen 200mg tablets,1001010J0B4ABAD
AMP,621911000001109,Nurofen 200mg caplets,1001010J0B4AEAD
AMP,3158711000001107,Nurofen Long Lasting 300mg capsules,1001010J0B4AGAB
AMP,3869111000001103,Nurofen Meltlets 200mg tablets,1001010J0B4AHBN
AMP,3917611000001108,Nurofen 200mg liquid capsules,1001010J0B4AIAA
AMP,664811000001105,Nurofen for Children 100mg/5ml oral suspension orange,1001010J0B4AJBH
AMP,3915411000001104,Nurofen Plus tablets,1001010J0B4AKAY
AMP,4605611000001101,Nurofen for Children Singles 100mg/5ml oral suspension 5ml sachets orange,1001010J0B4ALBM
AMP,4603411000001103,Nurofen Recovery 200mg orodispersible tablets,1001010J0B4AMBN
AMP,8061211000001108,Nurofen Back Pain SR 300mg capsules,1001010J0B4ANAB
AMP,4606211000001109,Nurofen Cold and Flu tablets,1001010J0B4APBJ
AMP,9164611000001101,Nurofen for Children 100mg/5ml oral suspension strawberry,1001010J0B4AQBH
AMP,9164311000001106,Nurofen for Children Singles 100mg/5ml oral suspension 5ml sachets strawberry,1001010J0B4ARBM
AMP,9444911000001101,Nurofen Sinus tablets,1001010J0B4ASBJ
AMP,10768811000001101,Nurofen Extra Strength 400mg capsules,1001010J0B4ATAU
AMP,11934511000001100,Nurofen Express 200mg liquid capsules,1001010J0B4AUAA
AMP,11934911000001107,Nurofen Express 400mg liquid capsules,1001010J0B4AVAU
AMP,21524011000001101,Nurofen Express Period Pain 200mg capsules,1001010J0B4AWAA
AMP,23649611000001109,"Nurofen for Children Cold, Pain and Fever Strawberry Flavour 100mg/5ml oral suspension",1001010J0B4AXBH
AMP,23649811000001108,"Nurofen for Children Cold, Pain and Fever Orange Flavour 100mg/5ml oral suspension",1001010J0B4AYBH
AMP,31394911000001107,Nurofen Joint & Back Pain Relief 200mg capsules,1001010J0B4AZAA
AMP,31396411000001107,Nurofen Sinus Pressure & Headache Relief 200mg/30mg tablets,1001010J0B4BABJ
AMP,32390811000001108,Nurofen for Children 100mg chewable capsules,1001010J0B4BBBQ
AMP,38692711000001102,Nurofen for Children 200mg/5ml oral suspension orange,1001010J0B4BCBR
AMP,38692911000001100,Nurofen for Children 200mg/5ml oral suspension strawberry,1001010J0B4BDBR
AMP,3420111000001109,Codafen Continus tablets,1001010J0B8AAAR
AMP,643711000001106,Brufen 200mg tablets,1001010J0BCAAAD
AMP,263211000001109,Brufen 400mg tablets,1001010J0BCABAE
AMP,230111000001100,Brufen 600mg tablets,1001010J0BCACAF
AMP,445711000001109,Brufen 100mg/5ml syrup,1001010J0BCADAC
AMP,3239211000001107,Brufen 600mg effervescent granules sachets,1001010J0BCAEAN
AMP,368011000001100,Brufen Retard 800mg tablets,1001010J0BCAFAP
AMP,3159211000001105,Fenbid 300mg Spansules,1001010J0BEAAAB
AMP,868911000001103,Motrin 400mg tablets,1001010J0BHABAE
AMP,550011000001109,Motrin 600mg tablets,1001010J0BHACAF
AMP,62911000001102,Motrin 800mg tablets,1001010J0BHADAG
AMP,640911000001100,Cuprofen 200mg tablets,1001010J0BMAAAD
AMP,621611000001103,Cuprofen Maximum Strength 400mg tablets,1001010J0BMACAE
AMP,9890311000001105,Cuprofen for Children 100mg/5ml oral suspension,1001010J0BMADBH
AMP,8092711000001106,Cuprofen PLUS tablets,1001010J0BMAEAY
AMP,901911000001103,Librofem 200mg tablets,1001010J0BSAAAD
AMP,24511000001106,Pacifene 200mg tablets,1001010J0BUAAAD
AMP,240311000001104,Relcofen 400mg tablets,1001010J0BYABAE
AMP,3916211000001109,Solpaflex tablets,1001010J0CBAAAY
AMP,474111000001105,Galprofen 200mg tablets,1001010J0CCAAAD
AMP,258411000001107,Galprofen Cold and Flu 200mg tablets,1001010J0CCABAD
AMP,3996111000001104,Galprofen Long Lasting 200mg capsules,1001010J0CCACBA
AMP,32811000001101,Galprofen 100mg/5ml oral suspension,1001010J0CCADBH
AMP,11270111000001101,Galprofen Migraine Relief 200mg capsules,1001010J0CCAEAA
AMP,13630511000001104,Galprofen Long Lasting 300mg capsules,1001010J0CCAFAB
AMP,642011000001100,Junior Ibuprofen 100mg/5ml oral suspension,1001010J0CDABBH
AMP,24584811000001108,Numark Max Strength Pharmacy Ibuprofen 400mg tablets,1001010J0CDADAE
AMP,8970311000001109,Advil 200mg tablets,1001010J0CEAAAD
AMP,633211000001103,Advil Extra Strength 400mg tablets,1001010J0CEABAE
AMP,18822611000001108,Boots Ibuprofen 6 Months Plus 100mg/5ml oral suspension strawberry,1001010J0CFABBH
AMP,31003411000001100,Boots Ibuprofen 3 Months Plus 100mg/5ml oral suspension strawberry,1001010J0CFACBH
AMP,31004511000001103,Boots Ibuprofen and Codeine 200mg/12.8mg tablets,1001010J0CFADAY
AMP,31005011000001105,Boots Ibuprofen Long Lasting 200mg capsules,1001010J0CFAEBA
AMP,195311000001101,Ibufem 200mg tablets,1001010J0CHAAAD
AMP,601311000001100,Anadin Ibuprofen 200mg tablets,1001010J0CJAAAD
AMP,3918911000001101,Anadin Ultra 200mg capsules,1001010J0CJABAA
AMP,10752411000001106,Anadin LiquiFast 400mg capsules,1001010J0CJACAU
AMP,13101011000001106,Anadin Joint Pain 200mg tablets,1001010J0CJADAD
AMP,19510011000001106,Anadin LiquiFast 200mg effervescent tablets,1001010J0CJAEBP
AMP,28939511000001106,Anadin Period Pain Relief 200mg capsules,1001010J0CJAFAA
AMP,13750411000001109,Lloydspharmacy Ibuprofen Long Lasting 200mg capsules,1001010J0CMACBA
AMP,13860211000001101,Lloydspharmacy Ibuprofen 200mg liquid capsules,1001010J0CMADAA
AMP,13860411000001102,Lloydspharmacy Maximum Strength Ibuprofen 400mg liquid capsules,1001010J0CMAEAU
AMP,7929311000001109,Lloydspharmacy Ibuprofen 100mg/5ml oral suspension,1001010J0CMAFBH
AMP,336911000001107,Hedex Ibuprofen 200mg caplets,1001010J0CPAAAD
AMP,17042011000001106,Hedex Ibuprofen 200mg tablets,1001010J0CPABAD
AMP,477011000001101,Orbifen For Children 100mg/5ml oral suspension,1001010J0CRAABH
AMP,7664811000001108,Orbifen For Children 100mg/5ml oral suspension 5ml sachets,1001010J0CRABBM
AMP,8008611000001103,Sudafed Sinus Pressure & Pain tablets,1001010J0CSAABJ
AMP,34874211000001103,Sudafed Sinus Pain Relief 200mg/6.1mg tablets,1001010J0CSABBS
AMP,3021311000001105,Manorfen 400mg tablets,1001010J0CTAAAE
AMP,19690911000001104,Manorfen 200mg tablets,1001010J0CTABAD
AMP,29666011000001102,Care Ibuprofen for Children 100mg/5ml oral suspension,1001010J0CUABBH
AMP,4632211000001100,Feverfen 100mg/5ml oral suspension,1001010J0CWABBH
AMP,4535711000001109,Fenpaed 100mg/5ml oral suspension,1001010J0CXABBH
AMP,8104311000001107,Fenpaed 100mg/5ml oral suspension 5ml sachets,1001010J0CXACBM
AMP,7997311000001105,Mandafen for Children 100mg/5ml oral suspension sugar free,1001010J0CYAABH
AMP,7997811000001101,Mandafen 400mg tablets,1001010J0CYABAE
AMP,17238111000001100,Mandafen 600mg tablets,1001010J0CYACAF
AMP,4585211000001105,Calprofen 100mg/5ml oral suspension,1001010J0DBAABH
AMP,7643811000001101,Calprofen 100mg/5ml oral suspension paediatric,1001010J0DBABBH
AMP,11753011000001104,Calprofen 100mg/5ml oral suspension 5ml sachets,1001010J0DBACBM
AMP,9244911000001100,Pure Health Junior Ibuprofen 100mg/5ml oral suspension,1001010J0DEAABH
AMP,9993111000001106,Galpharm Ibuprofen For Children 100mg/5ml oral suspension 5ml sachets,1001010J0DFAABM
AMP,11775811000001106,Galpharm Maximum Strength Ibuprofen 400mg liquid capsules,1001010J0DFABAU
AMP,13636911000001109,Ibuprofen for Children 100mg/5ml oral suspension,1001010J0DFACBH
AMP,17303111000001109,Galpharm Migraine Relief 200mg capsules,1001010J0DFADAA
AMP,17317011000001104,Paramed Ibuprofen 200mg liquid capsules,1001010J0DFAEAA
AMP,10194911000001107,Solpadeine Migraine Ibuprofen & Codeine tablets,1001010J0DGAAAY
AMP,16528311000001106,Ibucalm 200mg tablets,1001010J0DHAAAD
AMP,16528811000001102,Ibucalm 400mg tablets,1001010J0DHABAE
AMP,34790511000001100,Flarin 200mg capsules,1001010J0DIAAAA
AMP,36105911000001102,Ibular 200mg tablets,1001010J0DJAAAD
AMP,36106111000001106,Ibular 400mg tablets,1001010J0DJABAE
AMP,36603011000001101,Ibuprofen Twelve Plus Pain Relief 200mg/5ml oral suspension,1001010J0DKAABR
AMP,36760411000001109,Ibuprofen Seven Plus Pain Relief 200mg/5ml oral suspension,1001010J0DKABBR
VMP,329714006,Indometacin 25mg capsules,1001010K0AAAAAA
AMP,746311000001109,Indometacin 25mg capsules,1001010K0AAAAAA
AMP,24411000001107,Indometacin 25mg capsules,1001010K0AAAAAA
AMP,387211000001109,Indometacin 25mg capsules,1001010K0AAAAAA
AMP,11405211000001107,Indometacin 25mg capsules,1001010K0AAAAAA
AMP,10381711000001100,Indometacin 25mg capsules,1001010K0AAAAAA
AMP,14783711000001102,Indometacin 25mg capsules,1001010K0AAAAAA
AMP,18559111000001109,Indometacin 25mg capsules,1001010K0AAAAAA
AMP,34016011000001105,Indometacin 25mg capsules,1001010K0AAAAAA
AMP,24176011000001109,Indometacin 25mg capsules,1001010K0AAAAAA
AMP,11017711000001100,Indometacin 25mg capsules,1001010K0AAAAAA
AMP,20324411000001101,Indometacin 25mg capsules,1001010K0AAAAAA
AMP,770811000001101,Indometacin 25mg capsules,1001010K0AAAAAA
AMP,39000711000001105,Indometacin 25mg capsules,1001010K0AAAAAA
AMP,17932611000001107,Indometacin 25mg capsules,1001010K0AAAAAA
AMP,4331311000001106,Indometacin 25mg capsules,1001010K0AAAAAA
AMP,29877911000001101,Indometacin 25mg capsules,1001010K0AAAAAA
AMP,564511000001104,Indometacin 25mg capsules,1001010K0AAAAAA
AMP,26779711000001102,Indometacin 25mg capsules,1001010K0AAAAAA
AMP,22061111000001107,Indometacin 25mg capsules,1001010K0AAAAAA
VMP,329715007,Indometacin 50mg capsules,1001010K0AAABAB
AMP,799011000001106,Indometacin 50mg capsules,1001010K0AAABAB
AMP,100211000001103,Indometacin 50mg capsules,1001010K0AAABAB
AMP,604011000001100,Indometacin 50mg capsules,1001010K0AAABAB
AMP,9807011000001106,Indometacin 50mg capsules,1001010K0AAABAB
AMP,28919111000001108,Indometacin 50mg capsules,1001010K0AAABAB
AMP,24176411000001100,Indometacin 50mg capsules,1001010K0AAABAB
AMP,11017511000001105,Indometacin 50mg capsules,1001010K0AAABAB
AMP,20324611000001103,Indometacin 50mg capsules,1001010K0AAABAB
AMP,749911000001101,Indometacin 50mg capsules,1001010K0AAABAB
AMP,39000911000001107,Indometacin 50mg capsules,1001010K0AAABAB
AMP,17932811000001106,Indometacin 50mg capsules,1001010K0AAABAB
AMP,4331511000001100,Indometacin 50mg capsules,1001010K0AAABAB
AMP,29878111000001103,Indometacin 50mg capsules,1001010K0AAABAB
AMP,787911000001104,Indometacin 50mg capsules,1001010K0AAABAB
AMP,26780111000001103,Indometacin 50mg capsules,1001010K0AAABAB
AMP,525611000001106,Indometacin 50mg capsules,1001010K0AAABAB
AMP,22061611000001104,Indometacin 50mg capsules,1001010K0AAABAB
VMP,39024911000001108,Indometacin 25mg modified-release capsules,1001010K0AAACAC
VMP,36046811000001101,Indometacin 75mg modified-release capsules,1001010K0AAADAD
AMP,853011000001103,Indometacin 75mg modified-release capsules,1001010K0AAADAD
VMP,4562011000001108,Indometacin 25mg/5ml oral suspension sugar free,1001010K0AAAEAE
VMP,329716008,Indometacin 100mg suppositories,1001010K0AAAFAF
AMP,145211000001101,Indometacin 100mg suppositories,1001010K0AAAFAF
AMP,18611000001106,Indometacin 100mg suppositories,1001010K0AAAFAF
VMP,36046911000001106,Indometacin 75mg modified-release tablets,1001010K0AAAJAJ
VMP,36046711000001109,Indometacin 50mg modified-release tablets,1001010K0AAAKAK
VMP,36046611000001100,Indometacin 25mg modified-release tablets,1001010K0AAALAL
VMP,8561611000001108,Indometacin 25mg/5ml oral solution,1001010K0AAAQAQ
AMP,8544911000001109,Indometacin 25mg/5ml oral solution,1001010K0AAAQAQ
VMP,12638611000001108,Indometacin 20mg/5ml oral solution,1001010K0AAARAR
VMP,12638711000001104,Indometacin 20mg/5ml oral suspension,1001010K0AAARAR
AMP,12603111000001101,Indometacin 20mg/5ml oral solution,1001010K0AAARAR
AMP,12602811000001100,Indometacin 20mg/5ml oral suspension,1001010K0AAARAR
VMP,12639011000001106,Indometacin 3mg/5ml oral solution,1001010K0AAASAS
VMP,12639111000001107,Indometacin 3mg/5ml oral suspension,1001010K0AAASAS
AMP,12604311000001102,Indometacin 3mg/5ml oral solution,1001010K0AAASAS
AMP,12604011000001100,Indometacin 3mg/5ml oral suspension,1001010K0AAASAS
VMP,12637811000001108,Indometacin 1.2mg/5ml oral solution,1001010K0AAATAT
VMP,12637911000001103,Indometacin 1.2mg/5ml oral suspension,1001010K0AAATAT
AMP,12599511000001102,Indometacin 1.2mg/5ml oral solution,1001010K0AAATAT
AMP,12599211000001100,Indometacin 1.2mg/5ml oral suspension,1001010K0AAATAT
VMP,12639211000001101,Indometacin 500micrograms/5ml oral solution,1001010K0AAAUAU
VMP,12639311000001109,Indometacin 500micrograms/5ml oral suspension,1001010K0AAAUAU
AMP,12604911000001101,Indometacin 500micrograms/5ml oral solution,1001010K0AAAUAU
AMP,12604611000001107,Indometacin 500micrograms/5ml oral suspension,1001010K0AAAUAU
VMP,8561811000001107,Indometacin 50mg/5ml oral solution,1001010K0AAAVAV
VMP,8561911000001102,Indometacin 50mg/5ml oral suspension,1001010K0AAAVAV
AMP,8544811000001104,Indometacin 50mg/5ml oral solution,1001010K0AAAVAV
AMP,8545311000001107,Indometacin 50mg/5ml oral suspension,1001010K0AAAVAV
VMP,12638811000001107,Indometacin 31.25mg/5ml oral solution,1001010K0AAAWAW
VMP,12638911000001102,Indometacin 31.25mg/5ml oral suspension,1001010K0AAAWAW
AMP,12603711000001100,Indometacin 31.25mg/5ml oral solution,1001010K0AAAWAW
AMP,12603411000001106,Indometacin 31.25mg/5ml oral suspension,1001010K0AAAWAW
VMP,12638011000001101,Indometacin 10mg/5ml oral solution,1001010K0AAAXAX
VMP,12638111000001100,Indometacin 10mg/5ml oral suspension,1001010K0AAAXAX
AMP,12600111000001108,Indometacin 10mg/5ml oral solution,1001010K0AAAXAX
AMP,12599811000001104,Indometacin 10mg/5ml oral suspension,1001010K0AAAXAX
VMP,12638211000001106,Indometacin 12mg/5ml oral solution,1001010K0AAAYAY
VMP,12638311000001103,Indometacin 12mg/5ml oral suspension,1001010K0AAAYAY
AMP,12600711000001109,Indometacin 12mg/5ml oral solution,1001010K0AAAYAY
AMP,12600411000001103,Indometacin 12mg/5ml oral suspension,1001010K0AAAYAY
VMP,12638411000001105,Indometacin 15mg/5ml oral solution,1001010K0AAAZAZ
VMP,12638511000001109,Indometacin 15mg/5ml oral suspension,1001010K0AAAZAZ
AMP,12601911000001104,Indometacin 15mg/5ml oral solution,1001010K0AAAZAZ
AMP,12601411000001107,Indometacin 15mg/5ml oral suspension,1001010K0AAAZAZ
VMP,15914011000001100,Indometacin 5mg/5ml oral solution,1001010K0AABABA
VMP,15914111000001104,Indometacin 5mg/5ml oral suspension,1001010K0AABABA
AMP,15881811000001103,Indometacin 5mg/5ml oral solution,1001010K0AABABA
AMP,15881511000001101,Indometacin 5mg/5ml oral suspension,1001010K0AABABA
VMP,376878007,Indometacin 25mg/5ml oral suspension,1001010K0AABBBB
AMP,8545911000001108,Indometacin 25mg/5ml oral suspension,1001010K0AABBBB
AMP,258511000001106,Indocid 25mg capsules,1001010K0BDAAAA
AMP,581911000001106,Indocid 50mg capsules,1001010K0BDABAB
AMP,4541711000001108,Indocid 5mg/ml oral suspension,1001010K0BDACAE
AMP,902911000001109,Indocid 100mg suppositories,1001010K0BDADAF
AMP,172111000001101,Indocid R 75mg capsules,1001010K0BDAFAD
AMP,3311000001106,Indolar SR 75mg capsules,1001010K0BGADAD
AMP,777811000001102,Indomod 25mg modified-release capsules,1001010K0BIAAAC
AMP,541311000001100,Indomod 75mg modified-release capsules,1001010K0BIABAD
AMP,911611000001107,Rheumacin LA 75mg capsules,1001010K0BKAAAD
AMP,103411000001107,Slo-Indo 75mg capsules,1001010K0BLAAAD
AMP,306611000001105,Flexin-75 Continus tablets,1001010K0BNAAAJ
AMP,2884711000001107,Flexin-50 Continus tablets,1001010K0BNABAK
AMP,2884211000001100,Flexin-25 Continus tablets,1001010K0BNACAL
AMP,84411000001101,Indomax 75 SR capsules,1001010K0BQABAD
AMP,392111000001104,Pardelprin MR 75mg capsules,1001010K0BVAAAD
AMP,867711000001101,Berlind 75 Retard capsules,1001010K0BXAAAD
VMP,329758006,Ketoprofen 50mg capsules,1001010L0AAAAAA
AMP,513511000001103,Ketoprofen 50mg capsules,1001010L0AAAAAA
AMP,886811000001105,Ketoprofen 50mg capsules,1001010L0AAAAAA
AMP,365911000001107,Ketoprofen 50mg capsules,1001010L0AAAAAA
AMP,915411000001107,Ketoprofen 50mg capsules,1001010L0AAAAAA
AMP,15103511000001109,Ketoprofen 50mg capsules,1001010L0AAAAAA
AMP,109311000001102,Ketoprofen 50mg capsules,1001010L0AAAAAA
VMP,3377811000001108,Ketoprofen 100mg capsules,1001010L0AAABAB
AMP,881711000001108,Ketoprofen 100mg capsules,1001010L0AAABAB
AMP,823911000001100,Ketoprofen 100mg capsules,1001010L0AAABAB
AMP,65111000001107,Ketoprofen 100mg capsules,1001010L0AAABAB
AMP,823411000001108,Ketoprofen 100mg capsules,1001010L0AAABAB
AMP,39411000001109,Ketoprofen 100mg capsules,1001010L0AAABAB
VMP,36037111000001107,Ketoprofen 100mg/2ml solution for injection ampoules,1001010L0AAAGAG
VMP,36037011000001106,Ketoprofen 100mg modified-release capsules,1001010L0AAAIAI
AMP,4575711000001106,Ketoprofen 100mg modified-release capsules,1001010L0AAAIAI
AMP,505811000001104,Ketoprofen 100mg modified-release capsules,1001010L0AAAIAI
AMP,778511000001101,Ketoprofen 100mg modified-release capsules,1001010L0AAAIAI
VMP,36037311000001109,Ketoprofen 200mg modified-release capsules,1001010L0AAAJAJ
AMP,659911000001109,Ketoprofen 200mg modified-release capsules,1001010L0AAAJAJ
VMP,36037211000001101,Ketoprofen 150mg modified-release capsules,1001010L0AAALAL
VMP,16174311000001107,Ketoprofen 100mg / Omeprazole 20mg modified-release capsules,1001010L0AAAMAM
VMP,16174411000001100,Ketoprofen 200mg / Omeprazole 20mg modified-release capsules,1001010L0AAANAN
VMP,329760008,Ketoprofen 100mg suppositories,1001010L0AAAPAP
AMP,34649811000001105,Ketoprofen 100mg suppositories,1001010L0AAAPAP
AMP,429511000001103,Orudis 50mg capsules,1001010L0BCAAAA
AMP,458511000001105,Orudis 100mg capsules,1001010L0BCABAB
AMP,739811000001107,Orudis 100mg suppositories,1001010L0BCACAP
AMP,155411000001100,Oruvail 100 modified-release capsules,1001010L0BDAAAI
AMP,345311000001100,Oruvail 200 modified-release capsules,1001010L0BDABAJ
AMP,396311000001103,Oruvail IM 100mg/2ml solution for injection ampoules,1001010L0BDACAG
AMP,657811000001107,Oruvail 150 modified-release capsules,1001010L0BDADAL
AMP,419711000001102,Ketovail 100mg modified-release capsules,1001010L0BEAAAI
AMP,106011000001106,Ketovail 200mg modified-release capsules,1001010L0BEABAJ
AMP,482011000001109,Larafen CR 200mg capsules,1001010L0BHAAAJ
AMP,294311000001102,Ketocid 200 modified-release capsules,1001010L0BIAAAJ
AMP,98811000001106,Fenoket 200mg modified-release capsules,1001010L0BJAAAJ
AMP,403111000001103,Ketozip 200 XL capsules,1001010L0BKAAAJ
AMP,8211000001106,Ketotard XL 200mg capsules,1001010L0BLAAAJ
AMP,732311000001106,Jomethid XL 200mg capsules,1001010L0BMAAAJ
AMP,793611000001101,Valket 200 Retard capsules,1001010L0BNAAAJ
AMP,804611000001103,Tiloket CR 100mg capsules,1001010L0BNABAI
AMP,7498011000001106,Tiloket 50mg capsules,1001010L0BNACAA
AMP,29742611000001106,Tiloket CR 200mg capsules,1001010L0BNADAJ
AMP,867111000001102,Ketpron XL 100mg capsules,1001010L0BPAAAI
AMP,240011000001102,Ketpron XL 200mg capsules,1001010L0BPABAJ
AMP,16148311000001101,Axorid 100mg/20mg modified-release capsules,1001010L0BQAAAM
AMP,16140611000001108,Axorid 200mg/20mg modified-release capsules,1001010L0BQABAN
VMP,329790001,Mefenamic acid 250mg capsules,1001010N0AAAAAA
AMP,269111000001100,Mefenamic acid 250mg capsules,1001010N0AAAAAA
AMP,19310911000001108,Mefenamic acid 250mg capsules,1001010N0AAAAAA
AMP,188111000001107,Mefenamic acid 250mg capsules,1001010N0AAAAAA
AMP,10389911000001104,Mefenamic acid 250mg capsules,1001010N0AAAAAA
AMP,24378611000001109,Mefenamic acid 250mg capsules,1001010N0AAAAAA
AMP,14945211000001109,Mefenamic acid 250mg capsules,1001010N0AAAAAA
AMP,767711000001103,Mefenamic acid 250mg capsules,1001010N0AAAAAA
AMP,39035311000001108,Mefenamic acid 250mg capsules,1001010N0AAAAAA
AMP,17939411000001103,Mefenamic acid 250mg capsules,1001010N0AAAAAA
AMP,29904711000001109,Mefenamic acid 250mg capsules,1001010N0AAAAAA
AMP,756011000001108,Mefenamic acid 250mg capsules,1001010N0AAAAAA
AMP,21791511000001102,Mefenamic acid 250mg capsules,1001010N0AAAAAA
AMP,164411000001109,Mefenamic acid 250mg capsules,1001010N0AAAAAA
VMP,35369111000001107,Mefenamic acid 50mg/5ml oral suspension,1001010N0AAABAB
AMP,259811000001102,Mefenamic acid 50mg/5ml oral suspension,1001010N0AAABAB
AMP,186711000001109,Mefenamic acid 50mg/5ml oral suspension,1001010N0AAABAB
AMP,26853411000001107,Mefenamic acid 50mg/5ml oral suspension,1001010N0AAABAB
AMP,11508411000001105,Mefenamic acid 50mg/5ml oral suspension,1001010N0AAABAB
AMP,11484811000001108,Mefenamic acid 50mg/5ml oral suspension,1001010N0AAABAB
VMP,329803004,Mefenamic acid 500mg tablets,1001010N0AAADAD
AMP,411211000001108,Mefenamic acid 500mg tablets,1001010N0AAADAD
AMP,774611000001107,Mefenamic acid 500mg tablets,1001010N0AAADAD
AMP,393211000001104,Mefenamic acid 500mg tablets,1001010N0AAADAD
AMP,17970611000001108,Mefenamic acid 500mg tablets,1001010N0AAADAD
AMP,13581311000001100,Mefenamic acid 500mg tablets,1001010N0AAADAD
AMP,14945411000001108,Mefenamic acid 500mg tablets,1001010N0AAADAD
AMP,740211000001103,Mefenamic acid 500mg tablets,1001010N0AAADAD
AMP,189011000001101,Mefenamic acid 500mg tablets,1001010N0AAADAD
AMP,37119811000001109,Mefenamic acid 500mg tablets,1001010N0AAADAD
AMP,39035511000001102,Mefenamic acid 500mg tablets,1001010N0AAADAD
AMP,15109011000001103,Mefenamic acid 500mg tablets,1001010N0AAADAD
AMP,655611000001101,Mefenamic acid 500mg tablets,1001010N0AAADAD
AMP,21791711000001107,Mefenamic acid 500mg tablets,1001010N0AAADAD
AMP,122811000001109,Mefenamic acid 500mg tablets,1001010N0AAADAD
VMP,8662311000001102,Mefenamic acid 250mg/5ml oral suspension,1001010N0AAAGAG
AMP,8607611000001109,Mefenamic acid 250mg/5ml oral suspension,1001010N0AAAGAG
VMP,8662411000001109,Mefenamic acid 500mg/5ml oral suspension,1001010N0AAAHAH
AMP,8608211000001106,Mefenamic acid 500mg/5ml oral suspension,1001010N0AAAHAH
AMP,226811000001107,Ponstan 250mg capsules,1001010N0BBAAAA
AMP,586711000001103,Ponstan Forte 500mg tablets,1001010N0BBABAD
AMP,221211000001103,Dysman 250 capsules,1001010N0BDACAA
AMP,180611000001102,Dysman 500 tablets,1001010N0BDADAD
VMP,329806007,Naproxen 250mg tablets,1001010P0AAADAD
AMP,889911000001109,Naproxen 250mg tablets,1001010P0AAADAD
AMP,18464611000001101,Naproxen 250mg tablets,1001010P0AAADAD
AMP,86111000001104,Naproxen 250mg tablets,1001010P0AAADAD
AMP,60511000001108,Naproxen 250mg tablets,1001010P0AAADAD
AMP,13845911000001109,Naproxen 250mg tablets,1001010P0AAADAD
AMP,10396611000001103,Naproxen 250mg tablets,1001010P0AAADAD
AMP,36597211000001105,Naproxen 250mg tablets,1001010P0AAADAD
AMP,28985211000001102,Naproxen 250mg tablets,1001010P0AAADAD
AMP,13581711000001101,Naproxen 250mg tablets,1001010P0AAADAD
AMP,36011911000001106,Naproxen 250mg tablets,1001010P0AAADAD
AMP,150011000001103,Naproxen 250mg tablets,1001010P0AAADAD
AMP,774811000001106,Naproxen 250mg tablets,1001010P0AAADAD
AMP,30849711000001108,Naproxen 250mg tablets,1001010P0AAADAD
AMP,39053611000001101,Naproxen 250mg tablets,1001010P0AAADAD
AMP,19195411000001104,Naproxen 250mg tablets,1001010P0AAADAD
AMP,18627511000001101,Naproxen 250mg tablets,1001010P0AAADAD
AMP,40694811000001100,Naproxen 250mg tablets,1001010P0AAADAD
AMP,29928511000001100,Naproxen 250mg tablets,1001010P0AAADAD
AMP,360911000001103,Naproxen 250mg tablets,1001010P0AAADAD
AMP,630611000001105,Naproxen 250mg tablets,1001010P0AAADAD
AMP,21818111000001100,Naproxen 250mg tablets,1001010P0AAADAD
AMP,521711000001104,Naproxen 250mg tablets,1001010P0AAADAD
VMP,329807003,Naproxen 500mg tablets,1001010P0AAAEAE
AMP,396811000001107,Naproxen 500mg tablets,1001010P0AAAEAE
AMP,18464911000001107,Naproxen 500mg tablets,1001010P0AAAEAE
AMP,161211000001108,Naproxen 500mg tablets,1001010P0AAAEAE
AMP,521011000001101,Naproxen 500mg tablets,1001010P0AAAEAE
AMP,13846111000001100,Naproxen 500mg tablets,1001010P0AAAEAE
AMP,10396811000001104,Naproxen 500mg tablets,1001010P0AAAEAE
AMP,36597611000001107,Naproxen 500mg tablets,1001010P0AAAEAE
AMP,28985411000001103,Naproxen 500mg tablets,1001010P0AAAEAE
AMP,30063011000001101,Naproxen 500mg tablets,1001010P0AAAEAE
AMP,37999811000001106,Naproxen 500mg tablets,1001010P0AAAEAE
AMP,408811000001100,Naproxen 500mg tablets,1001010P0AAAEAE
AMP,377711000001106,Naproxen 500mg tablets,1001010P0AAAEAE
AMP,30849911000001105,Naproxen 500mg tablets,1001010P0AAAEAE
AMP,39054011000001105,Naproxen 500mg tablets,1001010P0AAAEAE
AMP,36026111000001106,Naproxen 500mg tablets,1001010P0AAAEAE
AMP,19195611000001101,Naproxen 500mg tablets,1001010P0AAAEAE
AMP,36926211000001106,Naproxen 500mg tablets,1001010P0AAAEAE
AMP,3224611000001107,Naproxen 500mg tablets,1001010P0AAAEAE
AMP,18627211000001104,Naproxen 500mg tablets,1001010P0AAAEAE
AMP,40695011000001105,Naproxen 500mg tablets,1001010P0AAAEAE
AMP,29928911000001107,Naproxen 500mg tablets,1001010P0AAAEAE
AMP,80711000001101,Naproxen 500mg tablets,1001010P0AAAEAE
AMP,220511000001107,Naproxen 500mg tablets,1001010P0AAAEAE
AMP,447511000001108,Naproxen 500mg tablets,1001010P0AAAEAE
AMP,21818311000001103,Naproxen 500mg tablets,1001010P0AAAEAE
AMP,481611000001108,Naproxen 500mg tablets,1001010P0AAAEAE
VMP,329838002,Naproxen 250mg gastro-resistant tablets,1001010P0AAAHAH
AMP,367911000001102,Naproxen 250mg gastro-resistant tablets,1001010P0AAAHAH
AMP,129111000001106,Naproxen 250mg gastro-resistant tablets,1001010P0AAAHAH
AMP,547811000001102,Naproxen 250mg gastro-resistant tablets,1001010P0AAAHAH
AMP,11426611000001106,Naproxen 250mg gastro-resistant tablets,1001010P0AAAHAH
AMP,30062411000001101,Naproxen 250mg gastro-resistant tablets,1001010P0AAAHAH
AMP,20325711000001106,Naproxen 250mg gastro-resistant tablets,1001010P0AAAHAH
AMP,764211000001103,Naproxen 250mg gastro-resistant tablets,1001010P0AAAHAH
AMP,5474911000001107,Naproxen 250mg gastro-resistant tablets,1001010P0AAAHAH
AMP,37122511000001106,Naproxen 250mg gastro-resistant tablets,1001010P0AAAHAH
AMP,39054211000001100,Naproxen 250mg gastro-resistant tablets,1001010P0AAAHAH
AMP,37999211000001105,Naproxen 250mg gastro-resistant tablets,1001010P0AAAHAH
AMP,17945511000001103,Naproxen 250mg gastro-resistant tablets,1001010P0AAAHAH
AMP,16212811000001102,Naproxen 250mg gastro-resistant tablets,1001010P0AAAHAH
AMP,579011000001103,Naproxen 250mg gastro-resistant tablets,1001010P0AAAHAH
AMP,29928311000001106,Naproxen 250mg gastro-resistant tablets,1001010P0AAAHAH
AMP,36782111000001103,Naproxen 250mg gastro-resistant tablets,1001010P0AAAHAH
AMP,603311000001104,Naproxen 250mg gastro-resistant tablets,1001010P0AAAHAH
AMP,687211000001104,Naproxen 250mg gastro-resistant tablets,1001010P0AAAHAH
AMP,21817711000001100,Naproxen 250mg gastro-resistant tablets,1001010P0AAAHAH
VMP,329839005,Naproxen 500mg gastro-resistant tablets,1001010P0AAAIAI
AMP,936011000001104,Naproxen 500mg gastro-resistant tablets,1001010P0AAAIAI
AMP,27711000001108,Naproxen 500mg gastro-resistant tablets,1001010P0AAAIAI
AMP,692711000001105,Naproxen 500mg gastro-resistant tablets,1001010P0AAAIAI
AMP,11426811000001105,Naproxen 500mg gastro-resistant tablets,1001010P0AAAIAI
AMP,30062811000001104,Naproxen 500mg gastro-resistant tablets,1001010P0AAAIAI
AMP,20325911000001108,Naproxen 500mg gastro-resistant tablets,1001010P0AAAIAI
AMP,678411000001107,Naproxen 500mg gastro-resistant tablets,1001010P0AAAIAI
AMP,297211000001103,Naproxen 500mg gastro-resistant tablets,1001010P0AAAIAI
AMP,30850111000001100,Naproxen 500mg gastro-resistant tablets,1001010P0AAAIAI
AMP,39054411000001101,Naproxen 500mg gastro-resistant tablets,1001010P0AAAIAI
AMP,37999611000001107,Naproxen 500mg gastro-resistant tablets,1001010P0AAAIAI
AMP,17945711000001108,Naproxen 500mg gastro-resistant tablets,1001010P0AAAIAI
AMP,16213011000001104,Naproxen 500mg gastro-resistant tablets,1001010P0AAAIAI
AMP,279011000001106,Naproxen 500mg gastro-resistant tablets,1001010P0AAAIAI
AMP,29928711000001105,Naproxen 500mg gastro-resistant tablets,1001010P0AAAIAI
AMP,36781911000001106,Naproxen 500mg gastro-resistant tablets,1001010P0AAAIAI
AMP,143611000001103,Naproxen 500mg gastro-resistant tablets,1001010P0AAAIAI
AMP,368211000001105,Naproxen 500mg gastro-resistant tablets,1001010P0AAAIAI
AMP,21817911000001103,Naproxen 500mg gastro-resistant tablets,1001010P0AAAIAI
VMP,36564511000001103,Naproxen 375mg gastro-resistant tablets,1001010P0AAAJAJ
AMP,7898511000001105,Naproxen 375mg gastro-resistant tablets,1001010P0AAAJAJ
AMP,658611000001107,Naproxen 375mg gastro-resistant tablets,1001010P0AAAJAJ
AMP,817811000001105,Naproxen 375mg gastro-resistant tablets,1001010P0AAAJAJ
AMP,30062611000001103,Naproxen 375mg gastro-resistant tablets,1001010P0AAAJAJ
AMP,842611000001103,Naproxen 375mg gastro-resistant tablets,1001010P0AAAJAJ
AMP,39053811000001102,Naproxen 375mg gastro-resistant tablets,1001010P0AAAJAJ
AMP,37999411000001109,Naproxen 375mg gastro-resistant tablets,1001010P0AAAJAJ
AMP,15236411000001105,Naproxen 375mg gastro-resistant tablets,1001010P0AAAJAJ
AMP,37336111000001109,Naproxen 375mg gastro-resistant tablets,1001010P0AAAJAJ
VMP,36030211000001100,Naproxen 500mg tablets and Misoprostol 200microgram tablets,1001010P0AAALAL
VMP,36030111000001106,Naproxen 500mg modified-release tablets,1001010P0AAAQAQ
VMP,329852000,Naproxen 125mg/5ml oral suspension,1001010P0AAARAR
AMP,8637511000001100,Naproxen 125mg/5ml oral suspension,1001010P0AAARAR
VMP,8669811000001101,Naproxen 500mg/5ml oral suspension,1001010P0AAATAT
AMP,8639711000001102,Naproxen 500mg/5ml oral suspension,1001010P0AAATAT
VMP,12301511000001102,Naproxen 70mg/5ml oral suspension,1001010P0AAAWAW
AMP,12258111000001102,Naproxen 70mg/5ml oral suspension,1001010P0AAAWAW
VMP,12301311000001108,Naproxen 100mg/5ml oral suspension,1001010P0AAAYAY
AMP,12257211000001109,Naproxen 100mg/5ml oral suspension,1001010P0AAAYAY
VMP,12301611000001103,Naproxen 75mg/5ml oral suspension,1001010P0AAAZAZ
AMP,12258411000001107,Naproxen 75mg/5ml oral suspension,1001010P0AAAZAZ
VMP,18245811000001107,Naproxen 500mg / Esomeprazole 20mg modified-release tablets,1001010P0AABBBB
VMP,12301411000001101,Naproxen 200mg/5ml oral suspension,1001010P0AABCBC
AMP,12257611000001106,Naproxen 200mg/5ml oral suspension,1001010P0AABCBC
VMP,31306711000001103,Naproxen 250mg effervescent tablets sugar free,1001010P0AABDBD
VMP,32638811000001105,Naproxen 125mg/5ml oral suspension sugar free,1001010P0AABEBE
AMP,32775911000001100,Naproxen 125mg/5ml oral suspension sugar free,1001010P0AABEBE
AMP,33136211000001102,Naproxen 125mg/5ml oral suspension sugar free,1001010P0AABEBE
AMP,32636911000001104,Naproxen 25mg/ml oral suspension sugar free,1001010P0AABEBE
VMP,8669711000001109,Naproxen 250mg/5ml oral suspension,1001010P0AABFBF
AMP,8638311000001107,Naproxen 250mg/5ml oral suspension,1001010P0AABFBF
AMP,34328011000001102,Naproxen 50mg/ml oral suspension,1001010P0AABFBF
AMP,34195911000001106,Naproxen 50mg/ml oral suspension,1001010P0AABFBF
AMP,37609211000001109,Naproxen 50mg/ml oral suspension,1001010P0AABFBF
AMP,33743911000001109,Naproxen 50mg/ml oral suspension,1001010P0AABFBF
VMP,329853005,Naproxen 500mg suppositories,1001010P0AABGBG
AMP,34605711000001107,Naproxen 500mg suppositories,1001010P0AABGBG
VMP,36904911000001104,Naproxen 60mg/5ml oral suspension,1001010P0AABHBH
AMP,36877011000001105,Naproxen 60mg/5ml oral suspension,1001010P0AABHBH
VMP,36904811000001109,Naproxen 320mg/5ml oral suspension,1001010P0AABIBI
AMP,36877511000001102,Naproxen 320mg/5ml oral suspension,1001010P0AABIBI
AMP,894311000001106,Naprosyn 250mg tablets,1001010P0BCAAAD
AMP,162011000001106,Naprosyn 500mg tablets,1001010P0BCABAE
AMP,4550611000001107,Naprosyn 125mg/5ml oral suspension,1001010P0BCACAR
AMP,4549711000001107,Naprosyn 500mg suppositories,1001010P0BCADBG
AMP,178811000001105,Naprosyn EC 250mg tablets,1001010P0BCAGAH
AMP,611711000001104,Naprosyn EC 375mg tablets,1001010P0BCAHAJ
AMP,434011000001107,Naprosyn EC 500mg tablets,1001010P0BCAIAI
AMP,61111000001105,Naprosyn S/R 500mg tablets,1001010P0BCAJAQ
AMP,624911000001107,Arthrosin 250 tablets,1001010P0BDACAD
AMP,166111000001106,Arthrosin 500 tablets,1001010P0BDADAE
AMP,236611000001105,Arthrosin EC 500 tablets,1001010P0BDAEAI
AMP,922711000001104,Arthrosin EC 250 tablets,1001010P0BDAFAH
AMP,819011000001108,Nycopren 250mg gastro-resistant tablets,1001010P0BGAAAH
AMP,174811000001102,Nycopren 500mg gastro-resistant tablets,1001010P0BGABAI
AMP,3226311000001108,Napratec OP tablets,1001010P0BKAAAL
AMP,15512111000001104,Feminax Ultra 250mg gastro-resistant tablets,1001010P0BSAAAH
AMP,17303811000001102,Galpharm Period Pain Relief 250mg gastro-resistant tablets,1001010P0BTAAAH
AMP,18233711000001101,Vimovo 500mg/20mg modified-release tablets,1001010P0BUAABB
AMP,18640211000001100,First Resort Period Pain Reliever 250mg gastro-resistant tablets,1001010P0BVAAAH
AMP,31017911000001101,Boots Period Pain Relief 250mg gastro-resistant tablets,1001010P0BWAAAH
AMP,31279811000001102,Stirlescent 250mg effervescent tablets,1001010P0BXAABD
AMP,36736411000001102,Nexocin EC 250mg gastro-resistant tablets,1001010P0BYAAAH
AMP,36737011000001109,Nexocin EC 375mg gastro-resistant tablets,1001010P0BYABAJ
AMP,36737211000001104,Nexocin EC 500mg gastro-resistant tablets,1001010P0BYACAI
VMP,347249002,Phenylbutazone 100mg gastro-resistant tablets,1001010Q0AAABAB
VMP,329854004,Phenylbutazone 100mg tablets,1001010Q0AAABAB
AMP,11256211000001106,Phenylbutazone 100mg tablets,1001010Q0AAABAB
AMP,10360711000001106,Phenylbutazone 100mg tablets,1001010Q0AAABAB
AMP,10423311000001100,Phenylbutazone 100mg tablets,1001010Q0AAABAB
VMP,329855003,Phenylbutazone 200mg tablets,1001010Q0AAACAC
AMP,11256411000001105,Phenylbutazone 200mg tablets,1001010Q0AAACAC
AMP,10361211000001105,Phenylbutazone 200mg tablets,1001010Q0AAACAC
AMP,10423711000001101,Phenylbutazone 200mg tablets,1001010Q0AAACAC
AMP,4663611000001101,Butacote 100mg gastro-resistant tablets,1001010Q0BBAAAB
VMP,329862007,Piroxicam 10mg capsules,1001010R0AAAAAA
AMP,928911000001104,Piroxicam 10mg capsules,1001010R0AAAAAA
AMP,468211000001100,Piroxicam 10mg capsules,1001010R0AAAAAA
AMP,385011000001106,Piroxicam 10mg capsules,1001010R0AAAAAA
AMP,494511000001107,Piroxicam 10mg capsules,1001010R0AAAAAA
AMP,10403211000001102,Piroxicam 10mg capsules,1001010R0AAAAAA
AMP,28986111000001102,Piroxicam 10mg capsules,1001010R0AAAAAA
AMP,30112511000001107,Piroxicam 10mg capsules,1001010R0AAAAAA
AMP,310111000001102,Piroxicam 10mg capsules,1001010R0AAAAAA
AMP,735411000001107,Piroxicam 10mg capsules,1001010R0AAAAAA
AMP,30857611000001107,Piroxicam 10mg capsules,1001010R0AAAAAA
AMP,39162411000001108,Piroxicam 10mg capsules,1001010R0AAAAAA
AMP,17878511000001101,Piroxicam 10mg capsules,1001010R0AAAAAA
AMP,9191811000001101,Piroxicam 10mg capsules,1001010R0AAAAAA
AMP,18734211000001102,Piroxicam 10mg capsules,1001010R0AAAAAA
AMP,317911000001103,Piroxicam 10mg capsules,1001010R0AAAAAA
AMP,286411000001100,Piroxicam 10mg capsules,1001010R0AAAAAA
AMP,21848811000001100,Piroxicam 10mg capsules,1001010R0AAAAAA
VMP,329863002,Piroxicam 20mg capsules,1001010R0AAABAB
AMP,723011000001101,Piroxicam 20mg capsules,1001010R0AAABAB
AMP,627511000001108,Piroxicam 20mg capsules,1001010R0AAABAB
AMP,267611000001103,Piroxicam 20mg capsules,1001010R0AAABAB
AMP,450411000001108,Piroxicam 20mg capsules,1001010R0AAABAB
AMP,10403611000001100,Piroxicam 20mg capsules,1001010R0AAABAB
AMP,28986311000001100,Piroxicam 20mg capsules,1001010R0AAABAB
AMP,30112711000001102,Piroxicam 20mg capsules,1001010R0AAABAB
AMP,63311000001108,Piroxicam 20mg capsules,1001010R0AAABAB
AMP,146611000001109,Piroxicam 20mg capsules,1001010R0AAABAB
AMP,30857811000001106,Piroxicam 20mg capsules,1001010R0AAABAB
AMP,39162711000001102,Piroxicam 20mg capsules,1001010R0AAABAB
AMP,17878711000001106,Piroxicam 20mg capsules,1001010R0AAABAB
AMP,9192011000001104,Piroxicam 20mg capsules,1001010R0AAABAB
AMP,18734411000001103,Piroxicam 20mg capsules,1001010R0AAABAB
AMP,694111000001101,Piroxicam 20mg capsules,1001010R0AAABAB
AMP,92811000001109,Piroxicam 20mg capsules,1001010R0AAABAB
AMP,21849011000001101,Piroxicam 20mg capsules,1001010R0AAABAB
VMP,329883001,Piroxicam 20mg suppositories,1001010R0AAACAC
VMP,39721011000001108,Piroxicam 10mg dispersible tablets,1001010R0AAADAD
AMP,828011000001106,Piroxicam 10mg dispersible tablets,1001010R0AAADAD
AMP,361811000001100,Piroxicam 10mg dispersible tablets,1001010R0AAADAD
AMP,681811000001105,Piroxicam 10mg dispersible tablets,1001010R0AAADAD
AMP,455811000001104,Piroxicam 10mg dispersible tablets,1001010R0AAADAD
VMP,39721211000001103,Piroxicam 20mg dispersible tablets,1001010R0AAAEAE
AMP,497711000001109,Piroxicam 20mg dispersible tablets,1001010R0AAAEAE
AMP,451911000001107,Piroxicam 20mg dispersible tablets,1001010R0AAAEAE
AMP,878611000001100,Piroxicam 20mg dispersible tablets,1001010R0AAAEAE
AMP,276611000001107,Piroxicam 20mg dispersible tablets,1001010R0AAAEAE
VMP,36017011000001102,Piroxicam 20mg orodispersible tablets sugar free,1001010R0AAAGAG
VMP,36017111000001101,Piroxicam 20mg/1ml solution for injection ampoules,1001010R0AAAHAH
VMP,3439011000001103,Piroxicam betadex 20mg tablets,1001010R0AAAKAK
AMP,235611000001100,Feldene 10mg capsules,1001010R0BBAAAA
AMP,90611000001109,Feldene 20 capsules,1001010R0BBABAB
AMP,473411000001103,Feldene 10mg dispersible tablets,1001010R0BBACAD
AMP,126111000001103,Feldene 20mg dispersible tablets,1001010R0BBADAE
AMP,563011000001105,Feldene 20mg suppositories,1001010R0BBAEAC
AMP,343111000001103,Feldene IM 20mg/1ml solution for injection ampoules,1001010R0BBAFAH
AMP,192711000001106,Feldene Melt 20mg tablets,1001010R0BBAGAG
AMP,403211000001109,Pirozip 10 capsules,1001010R0BDAAAA
AMP,910811000001103,Pirozip 20 capsules,1001010R0BDABAB
AMP,17811000001106,Brexidol 20mg tablets,1001010R0BHAAAK
VMP,329887000,Sulindac 100mg tablets,1001010S0AAAAAA
AMP,3671411000001106,Sulindac 100mg tablets,1001010S0AAAAAA
AMP,3674511000001107,Sulindac 100mg tablets,1001010S0AAAAAA
AMP,13583611000001109,Sulindac 100mg tablets,1001010S0AAAAAA
AMP,17412711000001105,Sulindac 100mg tablets,1001010S0AAAAAA
AMP,3673711000001104,Sulindac 100mg tablets,1001010S0AAAAAA
AMP,39258411000001103,Sulindac 100mg tablets,1001010S0AAAAAA
AMP,3671811000001108,Sulindac 100mg tablets,1001010S0AAAAAA
VMP,329888005,Sulindac 200mg tablets,1001010S0AAABAB
AMP,3675211000001105,Sulindac 200mg tablets,1001010S0AAABAB
AMP,3676211000001104,Sulindac 200mg tablets,1001010S0AAABAB
AMP,13583811000001108,Sulindac 200mg tablets,1001010S0AAABAB
AMP,17415011000001103,Sulindac 200mg tablets,1001010S0AAABAB
AMP,3675811000001106,Sulindac 200mg tablets,1001010S0AAABAB
AMP,39258711000001109,Sulindac 200mg tablets,1001010S0AAABAB
AMP,3675511000001108,Sulindac 200mg tablets,1001010S0AAABAB
AMP,3674211000001109,Clinoril 100mg tablets,1001010S0BBAAAA
AMP,3676011000001109,Clinoril 200mg tablets,1001010S0BBABAB
VMP,329895001,Tiaprofenic acid 200mg tablets,1001010T0AAABAB
VMP,329896000,Tiaprofenic acid 300mg tablets,1001010T0AAACAC
VMP,35918311000001105,Tiaprofenic acid 300mg modified-release capsules,1001010T0AAADAD
AMP,324411000001109,Surgam 200mg tablets,1001010T0BBAAAB
AMP,308411000001108,Surgam 300mg tablets,1001010T0BBABAC
AMP,495411000001109,Surgam SA 300mg capsules,1001010T0BBADAD
VMP,329910006,Nabumetone 500mg tablets,1001010X0AAAAAA
AMP,282011000001105,Nabumetone 500mg tablets,1001010X0AAAAAA
AMP,802111000001103,Nabumetone 500mg tablets,1001010X0AAAAAA
AMP,436011000001102,Nabumetone 500mg tablets,1001010X0AAAAAA
AMP,17966411000001101,Nabumetone 500mg tablets,1001010X0AAAAAA
AMP,17308011000001101,Nabumetone 500mg tablets,1001010X0AAAAAA
AMP,30062011000001105,Nabumetone 500mg tablets,1001010X0AAAAAA
AMP,18080011000001108,Nabumetone 500mg tablets,1001010X0AAAAAA
AMP,10301011000001101,Nabumetone 500mg tablets,1001010X0AAAAAA
AMP,5003211000001101,Nabumetone 500mg tablets,1001010X0AAAAAA
AMP,38957111000001108,Nabumetone 500mg tablets,1001010X0AAAAAA
AMP,212611000001100,Nabumetone 500mg tablets,1001010X0AAAAAA
AMP,39053211000001103,Nabumetone 500mg tablets,1001010X0AAAAAA
AMP,17944911000001106,Nabumetone 500mg tablets,1001010X0AAAAAA
AMP,4870111000001103,Nabumetone 500mg tablets,1001010X0AAAAAA
AMP,635011000001109,Nabumetone 500mg tablets,1001010X0AAAAAA
AMP,35861211000001104,Nabumetone 500mg tablets,1001010X0AAAAAA
AMP,351111000001101,Nabumetone 500mg tablets,1001010X0AAAAAA
AMP,21816811000001106,Nabumetone 500mg tablets,1001010X0AAAAAA
VMP,39719311000001102,Nabumetone 500mg dispersible tablets sugar free,1001010X0AAACAC
VMP,32778411000001103,Nabumetone 500mg/5ml oral suspension,1001010X0AAADAD
AMP,32777811000001100,Nabumetone 500mg/5ml oral suspension,1001010X0AAADAD
AMP,3023411000001104,Relifex 500mg tablets,1001010X0BBAAAA
AMP,2843411000001106,Relifex 500mg dispersible tablets,1001010X0BBACAC
